Matrix,Group,Distribution,AIC,Parameters
L,Common_L,Results for Stop 13,,
L,Common_L,weibull_min,108.77803261667506,"(0.5927793029231587, 4.917975806181697, 99.62901774383081)"
L,Common_L,gamma,121.15976466800247,"(0.7193184613683786, 4.917975806181697, 157.8775761317296)"
L,Common_L,beta,128.9875532738925,"(0.20749476534727407, 0.5428823457823275, -58.31340330335917, 730.0897198682501)"
L,Common_L,lognorm,137.99099416818925,"(4.536570429709611, 4.9179758059945, 0.1623146171215854)"
L,Common_L,expon,140.98278338652716,"(4.917975806181698, 186.13833874057872)"
L,Common_L,norm,154.65334368172987,"(191.0563145467604, 227.9077005985592)"
L,Common_L,poisson,2796.8227471597725,"(191.0,)"
,,,,
L,Common_L,Results for Stop 15,,
L,Common_L,weibull_min,28.912900882896636,"(0.14952888304560347, 66.6361445659087, 237.27307313409216)"
L,Common_L,lognorm,33.89189257663683,"(14.661075831348526, 66.6361445659087, 74.06779342939112)"
L,Common_L,gamma,48.11398616762105,"(0.552126813564823, 66.6361445659087, 207.28686329170245)"
L,Common_L,beta,53.17621762002443,"(0.09593556373676487, 0.35352790219251967, -9.607139951347454, 836.0624452058206)"
L,Common_L,expon,78.6300297577773,"(66.63614456590871, 184.78059466713023)"
L,Common_L,norm,88.28187420910756,"(251.41673923303892, 271.6599184549095)"
L,Common_L,poisson,1454.1973405052056,"(251.33333333333334,)"
,,,,
L,Common_L,Results for Stop 8,,
L,Common_L,beta,51.16248163754199,"(0.08690949753924304, 0.361529580041031, 5.151908535141184, 811.0989551200526)"
L,Common_L,gamma,59.374210709992795,"(0.3075862488834951, 5.151908535141184, 347.1670189798639)"
L,Common_L,lognorm,72.14256269346183,"(12.890738833866134, 5.1519085351411835, 225.2459883274381)"
L,Common_L,weibull_min,73.82965742424005,"(0.477624376319695, 5.151908535141184, 352.0645826144215)"
L,Common_L,expon,109.81985576583921,"(5.151908535141185, 131.4834352338722)"
L,Common_L,norm,128.71602714221572,"(136.6353437690134, 247.08431665753676)"
L,Common_L,poisson,2607.404035505354,"(136.55555555555554,)"
,,,,
L,Common_L,Results for Stop 1,,
L,Common_L,lognorm,16.624221747504052,"(10.935190993347025, 4.550314369259717, 10.424553190050105)"
L,Common_L,gamma,25.00728335571555,"(0.40746605551374715, 4.550314369259717, 322.0514805734772)"
L,Common_L,weibull_min,27.10387547221123,"(0.45657678120675094, 4.550314369259717, 233.337033669959)"
L,Common_L,beta,33.64417118732466,"(0.037163431535385774, 0.12175000985322501, -99.07113673699232, 1163.2679197343998)"
L,Common_L,expon,69.4608307005187,"(4.550314369259718, 256.2319451583915)"
L,Common_L,norm,78.30041253570158,"(260.7822595276512, 407.9329082691245)"
L,Common_L,poisson,2674.301985275246,"(260.8,)"
,,,,
L,Common_L,Results for Stop 9,,
L,Common_L,beta,12.906934595157338,"(0.034496845150737074, 0.09636880098585923, -54.274595272720816, 815.7930037325314)"
L,Common_L,gamma,25.00636954047915,"(0.5313726385504469, 20.3346212594535, 225.21616098505365)"
L,Common_L,weibull_min,37.35168253054687,"(0.675342894994535, 20.3346212594535, 51.00377405510733)"
L,Common_L,lognorm,51.397456060136946,"(3.4276694394944673, 20.334618878967333, 0.3013844267340613)"
L,Common_L,expon,55.63246049417907,"(20.334621259453503, 233.70451518080043)"
L,Common_L,norm,60.86707716533384,"(254.03913644025394, 295.729774231885)"
L,Common_L,poisson,1240.0691261012107,"(254.0,)"
,,,,
L,Common_L,Results for Stop 11,,
L,Common_L,weibull_min,16.612644875656336,"(0.1331668882134916, 37.41376781738512, 128.13508749560833)"
L,Common_L,lognorm,31.99004096066308,"(6.61992449894595, 37.41376781738512, 0.03173210014864648)"
L,Common_L,gamma,34.033739427372836,"(0.5285251235594813, 37.41376781738512, 107.41359928403368)"
L,Common_L,beta,35.62508730130043,"(0.2764043777341394, 0.49624932386627285, 7.100111243239274, 332.1791450044788)"
L,Common_L,expon,61.843566149889625,"(37.41376781738513, 119.6243737905844)"
L,Common_L,norm,65.39411724186283,"(157.03814160796952, 112.2213422331559)"
L,Common_L,poisson,432.4427729571306,"(157.0,)"
,,,,
L,Common_L,Results for Stop 20,,
L,Common_L,beta,26.346799000320107,"(0.4610423408495774, 0.5090137931256447, 1.9124565674051208, 194.11880560334538)"
L,Common_L,weibull_min,45.294623623770605,"(0.7653076683708069, 4.076332243591652, 109.05244950971837)"
L,Common_L,lognorm,52.05987737878978,"(4.39711323152432, 4.076332237411934, 1.4876216195933645)"
L,Common_L,expon,59.5672284856268,"(4.0763322435916525, 95.2707510015072)"
L,Common_L,norm,60.92977134163426,"(99.34708324509884, 71.81106702097833)"
L,Common_L,gamma,62.92488949644064,"(1284.5809231423, -2473.2588435394428, 2.002624172727928)"
L,Common_L,poisson,346.94489874658836,"(99.2,)"
,,,,
L,Common_L,Results for Stop 18,,
L,Common_L,lognorm,6.2014156320066895,"(8.214567395639902, 66.62874951496876, 0.9714871837162977)"
L,Common_L,beta,6.318951376974468,"(0.11986196095626449, 0.29579901483819493, 58.30367028751825, 164.2338665828378)"
L,Common_L,weibull_min,8.044374840689763,"(0.37816815162851597, 66.62874951496876, 107.73420767440822)"
L,Common_L,gamma,40.484025464459904,"(0.8930930633623899, 66.62874951496876, 34.72910025688999)"
L,Common_L,expon,44.15159952093708,"(66.62874951496877, 55.642647028126845)"
L,Common_L,norm,48.07660651523747,"(122.27139654309562, 59.77797494759766)"
L,Common_L,poisson,134.94105571130126,"(122.5,)"
,,,,
L,Common_L,Results for Stop 5,,
L,Common_L,lognorm,-9.306015893079373,"(11.002954792383143, 25.982766192542122, 2.4833904819255332)"
L,Common_L,weibull_min,-3.074967894982631,"(0.3250299281320528, 25.982766192542122, 286.100392862503)"
L,Common_L,beta,3.479296275342115,"(0.3531153999336345, 0.4410289878378707, 23.12004314364563, 337.71854026168063)"
L,Common_L,gamma,26.81698318662012,"(0.7317078798523138, 25.982766192541852, 105.22791703471223)"
L,Common_L,expon,40.25271428310619,"(25.982766192542126, 154.79769133446422)"
L,Common_L,norm,42.071337105022685,"(180.78045752700635, 137.86629209810175)"
L,Common_L,poisson,372.8966058989182,"(181.0,)"
,,,,
L,Common_L,Results for Stop 16,,
L,Common_L,weibull_min,7.426240095300043,"(0.12737809089058183, 10.479650947767478, 110.29846003053142)"
L,Common_L,gamma,11.78943161671795,"(0.13095053838113413, 10.479650947767478, 50.916659999087784)"
L,Common_L,beta,16.684467560631468,"(0.15634950534241776, 0.2691341796795597, -7.679168409332378, 198.64987127609425)"
L,Common_L,lognorm,25.855779567414743,"(6.533929041516178, 10.479650947767478, 1.7591909808658195)"
L,Common_L,expon,56.1124406887417,"(10.47965094776748, 67.44038813049454)"
L,Common_L,norm,60.95603049614365,"(77.92003907826202, 71.99988461243431)"
L,Common_L,poisson,368.43687753085936,"(78.0,)"
,,,,
L,Common_L,Results for Stop 4,,
L,Common_L,weibull_min,-20.307760413758885,"(0.07720207749706526, 3.5405753847937707, 165.86509121138266)"
L,Common_L,gamma,-15.225538264227524,"(0.07842709306368725, 3.5405753847937707, 68.97266476036489)"
L,Common_L,beta,16.621365043093103,"(1.5551224890825317, 0.5804329595257833, -108.33895162388808, 407.9003548725028)"
L,Common_L,lognorm,31.960961508107896,"(3.1723759289438203, 3.5405681549829175, 0.1696054065430191)"
L,Common_L,expon,38.28222188136332,"(3.540575384793771, 111.46422048521657)"
L,Common_L,norm,41.78484663807396,"(115.00479587001034, 131.43808529398925)"
L,Common_L,poisson,480.2156417687082,"(115.33333333333333,)"
,,,,
L,Common_L,Results for Stop 3,,
L,Common_L,weibull_min,-14.510508753759083,"(0.1782715353050971, 36.08137675604052, 62.35711765906106)"
L,Common_L,beta,-12.60617034647538,"(0.10725431501655058, 0.1629061395619107, 21.761012069630418, 169.99852177908156)"
L,Common_L,lognorm,-10.97181763914514,"(10.2835831617964, 36.08137675604052, 8.849026139079157)"
L,Common_L,gamma,7.920890825536766,"(0.507508695781623, 36.08137675604052, 32.82492250104963)"
L,Common_L,expon,34.89079725275312,"(36.08137675604053, 63.33678036278995)"
L,Common_L,norm,37.72228598249169,"(99.41815711883048, 66.78259307512222)"
L,Common_L,poisson,151.5971456566884,"(99.33333333333333,)"
,,,,
L,Common_L,Results for Stop 10,,
L,Common_L,lognorm,-7.922238159051114,"(8.575935634466358, 12.506159288493404, 8.609453967130593)"
L,Common_L,beta,-1.3728784189576864,"(0.3736141899521332, 0.44378846210727696, 10.859913350419408, 135.15089258356113)"
L,Common_L,weibull_min,12.310354349973103,"(0.6489433758514707, 12.506159288493404, 77.65708181851195)"
L,Common_L,gamma,21.202767074448293,"(0.6655701134522805, 12.506159288451041, 45.52741322051652)"
L,Common_L,expon,34.76793317272927,"(12.506159288493405, 62.05300021925157)"
L,Common_L,norm,36.5474468193893,"(74.55915950774498, 54.90673050350709)"
L,Common_L,poisson,151.58613408125396,"(74.66666666666667,)"
,,,,
L,Common_L,Results for Stop 7,,
L,Common_L,gamma,11.511912924832014,"(0.41582732916828985, 2.038557903082808, 38.69280076133482)"
L,Common_L,weibull_min,12.610560667445874,"(0.4498408005355681, 2.038557903082808, 30.483850165485034)"
L,Common_L,lognorm,15.282170108808234,"(7.517604754534384, 2.038557903082808, 10.146260680982195)"
L,Common_L,beta,15.689941105231135,"(0.055906995456043884, 0.19327373578504137, -11.067890368336972, 141.66370226791759)"
L,Common_L,expon,49.74565195482709,"(2.0385579030828085, 35.67910400691596)"
L,Common_L,norm,56.76361079430991,"(37.717661909998775, 47.3431691470039)"
L,Common_L,poisson,274.57449451585,"(37.6,)"
,,,,
L,Common_L,Results for Stop 6,,
L,Common_L,lognorm,3.9341229901801142,"(9.459522641408523, 0.29539042103157626, 34.14499842413923)"
L,Common_L,weibull_min,11.708256306433704,"(0.4892158932174953, 0.29539042103157626, 60.776817807034675)"
L,Common_L,beta,13.077889977420025,"(0.04717336240242508, 0.1498041194931336, -12.201842313563372, 137.33893063041566)"
L,Common_L,gamma,15.592752825492258,"(0.5502942862002642, 0.29539042103157626, 38.66435256150292)"
L,Common_L,expon,48.72772667187532,"(0.2953904210315763, 32.22597057884053)"
L,Common_L,norm,56.72928315954984,"(32.52136099987211, 47.18092986896876)"
L,Common_L,poisson,310.13875773908256,"(32.4,)"
,,,,
L,Common_L,Results for Stop 17,,
L,Common_L,beta,-22.077116342208033,"(0.08121586587309454, 0.04371960530600327, -1.2226705633960728, 78.67897635742901)"
L,Common_L,lognorm,-11.506580684306183,"(7.837089982472179, 5.901212867865095, 0.00019158225789848657)"
L,Common_L,expon,32.71948679001575,"(5.901212867865096, 44.105351825160604)"
L,Common_L,norm,33.21298167965318,"(50.0065646930257, 31.496982473077512)"
L,Common_L,weibull_min,34.449442454432905,"(70188463.90510547, -1508591346.1363976, 1508591410.626182)"
L,Common_L,gamma,35.29442247749722,"(232.21988732123208, -443.04811160039446, 2.121858191803187)"
L,Common_L,poisson,98.15535096721135,"(50.0,)"
,,,,
L,Common_L,Results for Stop 14,,
L,Common_L,lognorm,-24.796100687141646,"(9.230767747180881, 53.72534233499099, 4.0525645306944735)"
L,Common_L,weibull_min,7.151972385306124,"(0.7571244967416093, 53.72534233499099, 40.80615132942029)"
L,Common_L,beta,10.487155101956144,"(1.3787610118077442, 0.7811180044623284, 36.681790794110725, 76.20805916315078)"
L,Common_L,expon,21.548698592521617,"(53.725342334991, 29.582253811135246)"
L,Common_L,norm,23.224452725340306,"(83.30759614612624, 29.582253811135246)"
L,Common_L,gamma,25.22444704839321,"(400077383.9800415, -591735.0662284098, 0.0014792597761899347)"
L,Common_L,poisson,35.69783632273004,"(83.5,)"
,,,,
L,Common_L,Results for Stop 21,,
L,Common_L,lognorm,-4.965003261830658,"(5.7037005002415775, 19.15400331091126, 1.2873681093349711)"
L,Common_L,weibull_min,13.523208613954154,"(0.8139128317283453, 19.154003310911268, 79.62180844714118)"
L,Common_L,beta,21.958314871617127,"(1.2395911499054102, 0.9048595458056433, -29.562025804785115, 180.5326059277824)"
L,Common_L,expon,24.753056824295456,"(19.15400331091127, 65.908288406043)"
L,Common_L,norm,26.428810957114145,"(85.06229171695426, 65.908288406043)"
L,Common_L,gamma,28.428803656795193,"(400002337.97989905, -1318093.2407030212, 0.003295426493353939)"
L,Common_L,poisson,130.25311254016873,"(85.0,)"
,,,,
L,Common_L,Results for Stop 2,,
L,Common_L,gamma,-18.315856064512992,"(0.1287116406815264, 0.1640788897766449, 17.549213943477298)"
L,Common_L,beta,0.8114581437629234,"(0.18339617954091728, 0.3671783569741496, -5.023558708775633, 57.360265403596514)"
L,Common_L,lognorm,4.890638924239543,"(8.195800216211998, 0.16407888977584817, 9.47958557801162)"
L,Common_L,weibull_min,10.790453398125841,"(0.6434549693527599, 0.1640788897766449, 30.075948356394996)"
L,Common_L,expon,35.454432013153934,"(0.16407888977664492, 18.76144566502059)"
L,Common_L,norm,39.464858242657115,"(18.925524554797235, 20.372149492425777)"
L,Common_L,poisson,107.40848364532482,"(18.75,)"
,,,,
L,Common_L,Results for Stop 12,,
L,Common_L,lognorm,-21.6755320743726,"(16.12284868026417, 6.261042171938429, 31.281095750698753)"
L,Common_L,beta,-6.281808416955048,"(0.28503551538472527, 0.4104362308259397, 0.8001902118059274, 59.9243622675541)"
L,Common_L,gamma,8.908289339738378,"(0.6783938295575174, 6.261042171938429, 24.2508905417667)"
L,Common_L,weibull_min,23.84922701598405,"(0.897218757700998, 6.261042171938429, 25.196334873256653)"
L,Common_L,expon,29.168691509550623,"(6.2610421719384295, 24.404850859531862)"
L,Common_L,norm,31.218990670668788,"(30.66589303147029, 22.591187845662244)"
L,Common_L,poisson,70.7793703835799,"(30.666666666666668,)"
,,,,
L,Common_L,Results for Stop 19,,
L,Common_L,norm,,"(15.536939648556588, 0.0)"
L,Common_L,lognorm,-59.308469873757616,"(1.4784230434962446, 15.536939648556586, 1.805931382299695e-15)"
L,Common_L,expon,,"(15.536939648556588, 0.0)"
L,Common_L,beta,-59.849860383880895,"(1.0316205012417492, 1.0172102233801126, 15.536939648556586, 1.8074926530632937e-15)"
L,Common_L,weibull_min,-51.819776919083935,"(0.019277288119180336, 15.536939648556586, 0.0002848136652469001)"
L,Common_L,poisson,6.620881100488354,"(16.0,)"
,,,,
S,Day_1,Results for Stop 8,,
S,Day_1,lognorm,170.60356626708798,"(0.19576405771991157, -22.830216019848102, 62.24256699416945)"
S,Day_1,gamma,170.99638564924922,"(15.621012712756798, -9.036526752253707, 3.180127417793043)"
S,Day_1,norm,171.61858490934026,"(40.64028038620393, 13.09172243256429)"
S,Day_1,beta,176.0443180836079,"(2.8654095243545563, 6.393139686037507, 10.055122496279285, 98.7953612143848)"
S,Day_1,expon,184.42076580064156,"(13.643097606635934, 26.997182779568)"
S,Day_1,poisson,201.23791439340954,"(40.666666666666664,)"
S,Day_1,weibull_min,inf,"(1.3408246288454526, 27.160171794535756, 15.725188848124208)"
,,,,
S,Day_1,Results for Stop 7,,
S,Day_1,beta,-12.014391325596268,"(0.0864655209703254, 0.30359323912797126, 37.22737767571933, 18.396077222170113)"
S,Day_1,gamma,-8.322376330997246,"(0.22423584921356637, 37.22737767571933, 4.882804927649964)"
S,Day_1,weibull_min,-4.035581534529966,"(0.262139649018778, 37.22737767571933, 8.314190919800858)"
S,Day_1,lognorm,1.8377793043654496,"(6.640536273169198, 37.22737767571933, 0.061397012867204795)"
S,Day_1,expon,92.18766653880073,"(37.22737767571934, 3.0032839685790904)"
S,Day_1,poisson,131.7499729111829,"(40.04761904761905,)"
S,Day_1,norm,132.3037878902187,"(40.23066164429843, 5.134146202848929)"
,,,,
S,Day_1,Results for Stop 18,,
S,Day_1,beta,112.5640018679983,"(0.16136794803836174, 0.9140287818558399, 32.993788385602834, 32.185224106422574)"
S,Day_1,lognorm,127.68526762740228,"(0.6295108801677209, 31.535441774220835, 6.9667455099265485)"
S,Day_1,expon,128.72976177916914,"(32.99378838560284, 7.168928725917041)"
S,Day_1,poisson,138.94810925412128,"(40.04761904761905,)"
S,Day_1,norm,143.30403359471305,"(40.16271711151988, 6.6713628969535055)"
S,Day_1,gamma,235.73971782011327,"(0.4208619499250752, 32.993788385602834, 1.6119560168953049)"
S,Day_1,weibull_min,inf,"(0.8467630431509118, 35.431585592523554, 7.307554100298706)"
,,,,
S,Day_1,Results for Stop 2,,
S,Day_1,beta,105.20412032738413,"(0.12938115703406247, 0.9121895504120615, 34.311025313675, 32.889034981771495)"
S,Day_1,weibull_min,106.12936267183927,"(0.5009062166791309, 34.311025313675, 8.609873482600932)"
S,Day_1,gamma,109.82991184291562,"(0.7868402069064168, 34.311025313675, 7.798808355558878)"
S,Day_1,lognorm,118.53104722717964,"(0.8071220383064032, 33.71861875106488, 4.369545663649627)"
S,Day_1,expon,119.31014034299018,"(34.31102531367501, 5.728647886713347)"
S,Day_1,poisson,140.0883015993043,"(39.95238095238095,)"
S,Day_1,norm,144.32327129528414,"(40.03967320038836, 6.8352410443169775)"
,,,,
S,Day_1,Results for Stop 6,,
S,Day_1,lognorm,138.60786587602414,"(0.5012255530013695, 26.553533955621546, 11.348557926351713)"
S,Day_1,gamma,141.85917299870215,"(2.3792537590753007, 28.624638623709632, 4.654141575928573)"
S,Day_1,expon,143.29874555948984,"(29.55652232428529, 10.141508953110481)"
S,Day_1,beta,143.85921699273163,"(2.37280278071509, 798212109036.5626, 28.629357588228856, 3724762589794.363)"
S,Day_1,poisson,157.54439055690335,"(39.57142857142857,)"
S,Day_1,norm,158.0819945628429,"(39.69803127739577, 9.484703897825511)"
S,Day_1,weibull_min,inf,"(0.8000414167924066, 33.48639168873227, 5.460220231229082)"
,,,,
S,Day_1,Results for Stop 20,,
S,Day_1,norm,169.13965919289546,"(39.66186853109158, 12.341383339308623)"
S,Day_1,lognorm,170.9289974909072,"(0.04629158383016477, -225.89008578300601, 265.26716308912864)"
S,Day_1,gamma,170.960273209185,"(225.6861933086616, -145.6859250954745, 0.821256991158549)"
S,Day_1,beta,172.96343741923664,"(203.03067441557255, 2343830.3765288796, -136.0636294533366, 2028808.9837086722)"
S,Day_1,expon,193.9974884538853,"(5.750519939013003, 33.911348592078575)"
S,Day_1,poisson,205.5724148707888,"(39.666666666666664,)"
S,Day_1,weibull_min,inf,"(0.8016518574435307, 34.7444872801293, 9.664309015672607)"
,,,,
S,Day_1,Results for Stop 4,,
S,Day_1,beta,83.00950484993258,"(0.2035719713675791, 0.8379331905101486, 35.3651091369038, 18.212504939658054)"
S,Day_1,gamma,84.89271401892059,"(0.4082686975510682, 35.3651091369038, 6.502690332406883)"
S,Day_1,weibull_min,98.6357618802472,"(0.8184222386697879, 35.3651091369038, 4.236083576021214)"
S,Day_1,expon,105.33211490402557,"(35.365109136903804, 4.106903763859798)"
S,Day_1,lognorm,106.05627806860356,"(0.8061090451056443, 34.91014516169493, 3.2507731202264782)"
S,Day_1,norm,123.920393409723,"(39.4720129007636, 4.205145644827807)"
S,Day_1,poisson,127.08169862235805,"(39.333333333333336,)"
,,,,
S,Day_1,Results for Stop 16,,
S,Day_1,gamma,91.06808478033939,"(0.6731742006726404, 35.30143637881752, 6.191273829693729)"
S,Day_1,weibull_min,97.54545073067393,"(0.7968322235928812, 35.30143637881752, 4.090780175643205)"
S,Day_1,beta,104.43504257561042,"(0.9055086713312693, 89.13670566572696, 35.30143637881752, 406.02714286903694)"
S,Day_1,lognorm,104.74552723969624,"(0.7858721076682327, 34.842676396551816, 3.23201627040606)"
S,Day_1,expon,105.55968217231695,"(35.30143637881753, 4.1292164638145294)"
S,Day_1,poisson,129.60452035040163,"(39.285714285714285,)"
S,Day_1,norm,130.38534684437337,"(39.43065284263206, 4.904908270706721)"
,,,,
S,Day_1,Results for Stop 3,,
S,Day_1,gamma,75.20222877528805,"(0.250059724566439, 35.368221358024776, 18.61212340882941)"
S,Day_1,weibull_min,86.23223381254896,"(0.709390968455983, 35.368221358024776, 3.631462496048419)"
S,Day_1,lognorm,94.34768374097584,"(0.86401817445777, 35.10595681390518, 2.295042194693452)"
S,Day_1,beta,96.71009675863452,"(0.7708414547541388, 607.5597214813143, 35.368221358024776, 2131.930262465374)"
S,Day_1,expon,104.12556763199714,"(35.36822135802478, 3.9906019591449606)"
S,Day_1,poisson,152.57558586479655,"(39.19047619047619,)"
S,Day_1,norm,156.50393246094816,"(39.358823317169744, 9.134947820483795)"
,,,,
S,Day_1,Results for Stop 10,,
S,Day_1,gamma,149.389707646797,"(0.755858277313918, 25.172368616745096, 13.58832513181681)"
S,Day_1,lognorm,150.90073169856745,"(0.43831440520514964, 19.826201620674325, 17.390035240008764)"
S,Day_1,beta,156.19533077168472,"(2.9517766744651475, 23261361515.454216, 23.288934648788285, 126224299737.04193)"
S,Day_1,expon,157.23786777648047,"(25.1723686167451, 14.133115508898168)"
S,Day_1,norm,169.7589076025492,"(39.30548412564327, 12.524692853541174)"
S,Day_1,poisson,182.07638194809547,"(39.19047619047619,)"
S,Day_1,weibull_min,inf,"(0.7600451067571088, 33.55901255888691, 5.924963635696032)"
,,,,
S,Day_1,Results for Stop 17,,
S,Day_1,beta,92.01687389865205,"(0.170195404295036, 0.7919733732645691, 34.5613705424174, 20.832959044381354)"
S,Day_1,expon,110.93181021553156,"(34.56137054241741, 4.69264073883685)"
S,Day_1,lognorm,111.71724540389613,"(0.7214559176214534, 33.79871732323062, 4.156304410307952)"
S,Day_1,gamma,112.92110933729823,"(1.2456694155457884, 34.495833017414924, 3.8197839367417252)"
S,Day_1,weibull_min,112.95660764360062,"(1.0502942498320649, 34.5491417189602, 4.794983603968904)"
S,Day_1,norm,127.39468190301658,"(39.25401128125426, 4.5677926685760335)"
S,Day_1,poisson,127.96519692093877,"(39.095238095238095,)"
,,,,
S,Day_1,Results for Stop 15,,
S,Day_1,norm,162.62428937202472,"(39.04750403721336, 10.56799676774937)"
S,Day_1,lognorm,164.6578827355776,"(0.003776013673649471, -2760.8041697915496, 2799.8047705493227)"
S,Day_1,gamma,165.0413538645229,"(355.82035143376464, -165.10323699211284, 0.5735581757416993)"
S,Day_1,weibull_min,165.26387630609696,"(5.562290098932245, -14.783243620989452, 57.99717625423584)"
S,Day_1,beta,166.407720386033,"(1377.691463330369, 115.30319550952024, -1368.7775235061326, 1525.6498679696115)"
S,Day_1,poisson,186.97773504722738,"(38.904761904761905,)"
S,Day_1,expon,191.1931507191267,"(7.326476855289343, 31.721027181924015)"
,,,,
S,Day_1,Results for Stop 12,,
S,Day_1,beta,119.75228568255878,"(0.1280803394001327, 0.8730608761247554, 31.55540132116361, 30.89400969794425)"
S,Day_1,lognorm,125.95929547498558,"(0.4711576769207006, 28.892341944866914, 8.933410051998605)"
S,Day_1,expon,130.2520246357418,"(31.555401321163615, 7.43352806518773)"
S,Day_1,poisson,135.81056946497245,"(38.904761904761905,)"
S,Day_1,norm,139.04644179337058,"(38.988929386351344, 6.028227002489413)"
S,Day_1,gamma,225.28322210959024,"(0.29161467754833614, 31.555401321163608, 1.9977002212174302)"
S,Day_1,weibull_min,inf,"(0.22656441682722353, 37.22484776324859, 2.2545826995128038)"
,,,,
S,Day_1,Results for Stop 14,,
S,Day_1,lognorm,117.45160193746464,"(0.5262560424552465, 31.11610950646218, 6.531514443359798)"
S,Day_1,gamma,119.22605306530885,"(2.336154819375503, 32.2784172697727, 2.7488112878056583)"
S,Day_1,weibull_min,120.32330995460946,"(1.355982161065255, 32.67967296534042, 6.591006800909263)"
S,Day_1,expon,120.34952576293082,"(32.827936638897924, 5.872185044709553)"
S,Day_1,beta,121.24048571268885,"(2.2190228818916373, 260698461.14360046, 32.33281031412913, 752760382.5418396)"
S,Day_1,poisson,129.52971504668903,"(38.666666666666664,)"
S,Day_1,norm,129.7307098647354,"(38.70012168360748, 4.829050173651148)"
,,,,
S,Day_1,Results for Stop 11,,
S,Day_1,poisson,139.91667381775775,"(38.19047619047619,)"
S,Day_1,norm,141.56586514420434,"(38.34323504306365, 6.400903858752646)"
S,Day_1,gamma,143.38376594401535,"(229.21344983543827, -58.42478192406733, 0.4222073481586859)"
S,Day_1,beta,145.37649787630457,"(288.9587914190206, 6174083.677028635, -70.1791611029052, 2318874.3101700554)"
S,Day_1,expon,167.5732112879793,"(20.26696069769079, 18.07627434537286)"
S,Day_1,lognorm,202.13007816591065,"(7.5767282163761696, 20.266960697690784, 2.6969270977340747)"
S,Day_1,weibull_min,inf,"(0.9035045443226192, 34.48694364542099, 3.2807842755429797)"
,,,,
S,Day_1,Results for Stop 21,,
S,Day_1,norm,140.56879894543408,"(37.9914030019861, 6.250738000920698)"
S,Day_1,poisson,141.38218391418917,"(37.904761904761905,)"
S,Day_1,beta,142.62330289975617,"(5721855.621707935, 19.357097472604334, -7981224.197917892, 7981289.175350544)"
S,Day_1,gamma,144.1369010118157,"(230.4601422809945, -62.72824047451539, 0.4364854807332874)"
S,Day_1,expon,176.16640188099336,"(15.811201986766434, 22.180201015219666)"
S,Day_1,weibull_min,191.2695937704586,"(0.24426957181830872, 15.811201986766433, 1.4267947999196364)"
S,Day_1,lognorm,210.64274488448646,"(7.384671334203863, 15.81120198676643, 4.489763986106545)"
,,,,
S,Day_1,Results for Stop 19,,
S,Day_1,norm,79.8395687473521,"(37.34374130628485, 1.472211194573271)"
S,Day_1,lognorm,81.0928555425605,"(0.0692342760501552, 16.40382804643812, 20.889484197135122)"
S,Day_1,gamma,81.20836426736108,"(129.1917729643169, 20.817153363492615, 0.12792290058760247)"
S,Day_1,beta,83.21001736564891,"(116.98550676311855, 9754142.732689608, 21.5899883005555, 1313562.2093056)"
S,Day_1,expon,105.25017125718875,"(33.244842461207206, 4.098898845077642)"
S,Day_1,poisson,117.72280289754512,"(37.142857142857146,)"
S,Day_1,weibull_min,inf,"(1.101686620000467, 36.51247736510393, 1.0344592372802224)"
,,,,
S,Day_1,Results for Stop 1,,
S,Day_1,lognorm,129.85668493034953,"(0.3400385392716402, 22.05313948616442, 15.73950754398354)"
S,Day_1,gamma,132.16165993571897,"(5.091187371978111, 25.152950262776514, 2.6915174811517)"
S,Day_1,beta,134.16743117807377,"(4.887173385538254, 8396891697877.732, 25.29246176166626, 23346494805117.133)"
S,Day_1,poisson,137.2059205774301,"(38.65,)"
S,Day_1,expon,139.24596401410096,"(28.038638836512945, 10.81732591792207)"
S,Day_1,norm,141.69716409928301,"(38.855964754435014, 7.564683956312411)"
S,Day_1,weibull_min,inf,"(0.23179997752488418, 37.23146774050413, 6.495492740752759)"
,,,,
S,Day_1,Results for Stop 9,,
S,Day_1,beta,117.29985576841057,"(65550853.4512155, 2.158217411909805, -174881355.0707149, 174881397.0886225)"
S,Day_1,norm,128.15172717554483,"(36.28538795776829, 4.650873125859738)"
S,Day_1,poisson,130.711356995915,"(36.095238095238095,)"
S,Day_1,gamma,132.73356999382548,"(227.2817564485906, -43.68568108471237, 0.3521581730340415)"
S,Day_1,lognorm,136.61629151531224,"(0.09455415594783398, -19.181314504580484, 56.413675005351564)"
S,Day_1,expon,165.0493135553213,"(19.2633736499522, 17.022014307816093)"
S,Day_1,weibull_min,179.0049602921523,"(0.2685970221619939, 19.263373649952197, 1.4245364863847865)"
,,,,
S,Day_1,Results for Stop 13,,
S,Day_1,norm,145.59621082446031,"(37.70721784401502, 8.339195404255651)"
S,Day_1,gamma,147.49987858483058,"(220.84510566569855, -86.26858733184426, 0.5612941701683469)"
S,Day_1,poisson,148.1863290162254,"(37.5,)"
S,Day_1,beta,149.58646760059702,"(78.5397561148586, 193.89310480269302, -50.599593167781975, 306.7523883812503)"
S,Day_1,expon,165.20873395284192,"(17.00546554487198, 20.70175229914304)"
S,Day_1,lognorm,195.34529934379532,"(6.751894246512794, 17.005465544871978, 2.5963668995245865)"
S,Day_1,weibull_min,inf,"(2.2426189035293245, 23.155554104141405, 17.349912608167834)"
,,,,
S,Day_1,Results for Stop 5,,
S,Day_1,beta,36.465056934279644,"(19.02026688171096, 0.4009947968090901, -69.53796963812039, 107.04445972018668)"
S,Day_1,norm,116.54304923804189,"(35.40657317418953, 4.033512957040516)"
S,Day_1,lognorm,118.64740057960373,"(0.0018058585544558099, -2190.6350881584804, 2226.0631872982312)"
S,Day_1,poisson,120.40172924110234,"(35.25,)"
S,Day_1,gamma,120.85504491390401,"(272.31748886213813, -36.85107094101588, 0.26495720690544255)"
S,Day_1,expon,152.70632665057127,"(20.2617591266129, 15.14481404757663)"
S,Day_1,weibull_min,162.9533096487142,"(0.2881450634435119, 20.261759126612898, 1.4460301701950795)"
,,,,
S,Day_2,Results for Stop 15,,
S,Day_2,beta,118.7772082588418,"(0.5571778812036563, 27.483018513446027, 34.7410807695394, 543.4360849126165)"
S,Day_2,gamma,128.31808460102704,"(0.7368415557756137, 34.7410807695394, 17.568402667950473)"
S,Day_2,lognorm,139.9004934068842,"(1.3538967700060285, 34.55701508659084, 4.332703077824291)"
S,Day_2,weibull_min,142.26227014654486,"(0.9339999633753475, 34.7410807695394, 13.252753987439153)"
S,Day_2,expon,144.93545838334575,"(34.74108076953941, 10.544518505769162)"
S,Day_2,norm,180.9846682535845,"(45.28559927530857, 16.36233651103158)"
S,Day_2,poisson,222.4786277354636,"(45.142857142857146,)"
,,,,
S,Day_2,Results for Stop 8,,
S,Day_2,beta,119.063790163484,"(0.3671385077579101, 2.091221487005263, 33.74971308444339, 63.460188007628346)"
S,Day_2,gamma,124.98801502727753,"(0.4228101776839963, 33.74971308444339, 13.194736872065228)"
S,Day_2,weibull_min,140.32272337439835,"(0.8461500769789626, 33.74971308444339, 13.644449940814308)"
S,Day_2,expon,146.4749200696439,"(33.7497130844434, 10.938186349379585)"
S,Day_2,lognorm,148.4113213021621,"(1.0141531986769388, 33.07153871594872, 7.0834346109368145)"
S,Day_2,norm,169.31956313652748,"(44.687899433822984, 12.394360136880119)"
S,Day_2,poisson,184.76228820928873,"(44.714285714285715,)"
,,,,
S,Day_2,Results for Stop 20,,
S,Day_2,beta,34.88138364999217,"(0.09680639429499571, 0.6067714271684022, 37.223935784508825, 44.77836530216838)"
S,Day_2,weibull_min,45.6433642790304,"(0.3446094138243404, 37.223935784508825, 11.392097707048551)"
S,Day_2,lognorm,56.64264321390421,"(8.427041900648867, 37.223935784508825, 0.9340196928475244)"
S,Day_2,gamma,68.9599242946733,"(0.5552468522667828, 37.223935784508825, 6.176508319706311)"
S,Day_2,expon,123.58675548498535,"(37.22393578450883, 6.342694651344601)"
S,Day_2,norm,163.42495828042755,"(43.56663043585343, 10.771392819467474)"
S,Day_2,poisson,169.7345482858517,"(43.57142857142857,)"
,,,,
S,Day_2,Results for Stop 4,,
S,Day_2,gamma,80.34281936685758,"(0.4404307333277493, 36.36510913690387, 21.70405218905957)"
S,Day_2,lognorm,102.72877618163822,"(1.6960965714280203, 36.33942523198368, 1.427310531919305)"
S,Day_2,weibull_min,104.35567379429992,"(0.7897756542818453, 36.36510913690387, 8.246316842620185)"
S,Day_2,beta,107.83843863250192,"(0.4201692561430963, 877.142062624866, 36.36510913690387, 3498.9953301949863)"
S,Day_2,expon,125.1492051302028,"(36.365109136903875, 6.58309424005018)"
S,Day_2,norm,176.6957871057137,"(42.948203376954055, 14.773956307240905)"
S,Day_2,poisson,202.1566380428681,"(42.80952380952381,)"
,,,,
S,Day_2,Results for Stop 18,,
S,Day_2,beta,91.4790762677645,"(0.13485298906737941, 0.5986406065048158, 33.80468865598931, 38.397872404702035)"
S,Day_2,gamma,114.19349519624971,"(0.38192284301142476, 33.80468865598931, 15.920905465057032)"
S,Day_2,weibull_min,132.3908685580825,"(0.8178203444750689, 33.80468865598931, 5.323308426372085)"
S,Day_2,lognorm,137.4507678662601,"(0.84617786248447, 32.986501250549615, 6.539539611508349)"
S,Day_2,expon,137.50257322023904,"(33.80468865598932, 8.834218931721026)"
S,Day_2,norm,160.41615446007734,"(42.63890758771034, 10.026740966478743)"
S,Day_2,poisson,162.6221418991015,"(42.523809523809526,)"
,,,,
S,Day_2,Results for Stop 9,,
S,Day_2,beta,-32.08183665124609,"(0.08219899751878645, 0.5761624436975865, 37.230828971794956, 45.12615259861646)"
S,Day_2,weibull_min,-21.883961767415556,"(0.28256795365780196, 37.230828971794956, 7.645335788912357)"
S,Day_2,lognorm,-18.50968052681884,"(5.351987223141135, 37.23082897179495, 0.007543114984269267)"
S,Day_2,gamma,90.55796838625994,"(0.8426468793256812, 37.230828971794956, 12.315063950203752)"
S,Day_2,expon,115.6058418365449,"(37.23082897179496, 5.245035176449498)"
S,Day_2,norm,165.98368924854918,"(42.47586414824446, 11.44801065189976)"
S,Day_2,poisson,175.11055946643665,"(42.285714285714285,)"
,,,,
S,Day_2,Results for Stop 6,,
S,Day_2,gamma,-3.2101936359743313,"(0.296238879010847, 37.226803907668675, 26.37727316050314)"
S,Day_2,lognorm,1.5224000833608597,"(6.087822674702773, 37.226803907668675, 0.10011294827606967)"
S,Day_2,beta,32.54766547177141,"(0.30951142201484105, 254.09207329379558, 37.226803907668675, 814.8992617388972)"
S,Day_2,weibull_min,54.282623569467546,"(0.7066002526569661, 37.226803907668675, 6.640765085357005)"
S,Day_2,expon,113.55468152299964,"(37.22680390766868, 4.995036893536621)"
S,Day_2,norm,176.83144332967947,"(42.2218408012053, 14.821752004202619)"
S,Day_2,poisson,200.86769146808524,"(42.095238095238095,)"
,,,,
S,Day_2,Results for Stop 10,,
S,Day_2,gamma,40.57860035161995,"(0.3292238970430171, 37.10668808356534, 20.807015509119214)"
S,Day_2,lognorm,65.86115665478238,"(2.484625928064594, 37.10606977161565, 0.4050134038918536)"
S,Day_2,weibull_min,76.54291662666367,"(0.7290443746681937, 37.10668808356534, 6.344490514700515)"
S,Day_2,beta,92.23393579771682,"(0.5502073312862267, 417.1428568278733, 37.10668808356534, 1074.8870628496634)"
S,Day_2,expon,113.26497491903245,"(37.106688083565345, 4.960700803982675)"
S,Day_2,norm,168.1815211847146,"(42.06738888754802, 12.063028805795389)"
S,Day_2,poisson,176.8579680785108,"(41.95238095238095,)"
,,,,
S,Day_2,Results for Stop 16,,
S,Day_2,beta,92.09411803732783,"(0.1139991524967727, 0.8111803347945136, 36.05306116803552, 38.00917277525758)"
S,Day_2,weibull_min,98.38438732891463,"(0.727140452290999, 36.05306116803552, 4.295573680911945)"
S,Day_2,gamma,108.06758737814273,"(0.8117765017665659, 36.05306116803552, 9.828426206907624)"
S,Day_2,lognorm,111.86771463757732,"(1.2783383559311616, 35.94087399999741, 2.3541206037496405)"
S,Day_2,expon,117.39142393803051,"(36.053061168035526, 5.472829769834611)"
S,Day_2,poisson,152.25089997346896,"(41.38095238095238,)"
S,Day_2,norm,154.02640100948852,"(41.52589093787014, 8.611673216848127)"
,,,,
S,Day_2,Results for Stop 13,,
S,Day_2,norm,159.86252501645606,"(40.879457087480695, 9.895439230320397)"
S,Day_2,lognorm,161.99638149257916,"(0.01856032684662593, -492.2850469660475, 533.0247228977544)"
S,Day_2,gamma,162.1390535017441,"(398.4794425124983, -160.06720683100997, 0.5041232594073297)"
S,Day_2,weibull_min,162.23321176833727,"(5.250157416631464, -5.998430392289117, 50.75936563948969)"
S,Day_2,beta,163.6969461272257,"(26821.3195017559, 136.09375762122409, -22733.169686398083, 22889.60669663363)"
S,Day_2,poisson,172.9802741903644,"(40.666666666666664,)"
S,Day_2,expon,185.48960836469251,"(13.186416160957904, 27.69304092652279)"
,,,,
S,Day_2,Results for Stop 1,,
S,Day_2,beta,-40.056101580394845,"(0.11745574984170035, 0.7757740997496897, 37.23476870906444, 29.406059635181688)"
S,Day_2,gamma,-37.73790972650697,"(0.17115525361831352, 37.23476870906444, 11.833296014955707)"
S,Day_2,weibull_min,-30.695564176901506,"(0.20114146490327897, 37.23476870906444, 6.1390419438527495)"
S,Day_2,lognorm,-18.63074228687159,"(4.602506788645213, 37.2347687090531, 0.017896182047144313)"
S,Day_2,expon,99.33789230648581,"(37.23476870906445, 3.560673871937972)"
S,Day_2,poisson,144.1888341543419,"(40.61904761904762,)"
S,Day_2,norm,147.31659672814808,"(40.79544258100242, 7.3401654914702785)"
,,,,
S,Day_2,Results for Stop 14,,
S,Day_2,weibull_min,82.08249170490826,"(0.664670301867857, 36.61070033649673, 6.798924640066694)"
S,Day_2,gamma,82.34275916548239,"(0.6656386131929363, 36.61070033649673, 9.355263458617113)"
S,Day_2,beta,87.9166108603738,"(0.6851482232344445, 74.78196967714439, 36.61070033649673, 295.97750166898277)"
S,Day_2,lognorm,91.73860077842626,"(1.6034278772471544, 36.58423749420378, 1.162190077296502)"
S,Day_2,expon,106.11986364359154,"(36.610700336496734, 4.1846594423488455)"
S,Day_2,poisson,145.685863436917,"(40.76190476190476,)"
S,Day_2,norm,149.1428269524501,"(40.79535977884558, 7.666368697032389)"
,,,,
S,Day_2,Results for Stop 2,,
S,Day_2,beta,106.30932304026348,"(0.7463945460570724, 50.17696491661863, 34.680801743548436, 348.4503848808465)"
S,Day_2,weibull_min,111.96252340044391,"(0.8975312313005455, 34.680801743548436, 4.939184787213398)"
S,Day_2,lognorm,114.77177749475801,"(0.849013732356549, 34.2139652658266, 3.798316972306102)"
S,Day_2,expon,116.1327619742642,"(34.68080174354844, 5.311252409220863)"
S,Day_2,poisson,140.3552954987693,"(39.904761904761905,)"
S,Day_2,norm,145.33522211063024,"(39.992054152769306, 7.00192984192362)"
S,Day_2,gamma,218.97859187492213,"(0.4846969147535473, 34.680801743548436, 1.1652374461374477)"
,,,,
S,Day_2,Results for Stop 17,,
S,Day_2,beta,80.2820854939025,"(0.23603411691974438, 0.6773077429394362, 35.355051880964076, 14.779287029172494)"
S,Day_2,gamma,98.42479372299188,"(0.7798660089308922, 35.355051880964076, 4.884950788092761)"
S,Day_2,weibull_min,107.25511766417091,"(0.9552417958443131, 35.35505188096407, 4.3008350944101785)"
S,Day_2,expon,107.52987954338897,"(35.35505188096408, 4.327530828861612)"
S,Day_2,lognorm,108.85816847088026,"(0.7937940111008601, 34.83930182165173, 3.528973673176833)"
S,Day_2,norm,122.59433796943243,"(39.682582709825695, 4.074451679059797)"
S,Day_2,poisson,126.65128275000949,"(39.523809523809526,)"
,,,,
S,Day_2,Results for Stop 7,,
S,Day_2,beta,132.52145034075454,"(0.4000741383694333, 0.816698474841772, 24.74322420668114, 44.90684966840302)"
S,Day_2,lognorm,153.12178341540897,"(0.3965117053276901, 17.452510067135826, 20.267370841090205)"
S,Day_2,gamma,154.25676599308116,"(3.9459635852023114, 21.523951465176225, 4.547637896752041)"
S,Day_2,expon,158.96248195978512,"(24.743224206681145, 14.725532675712532)"
S,Day_2,norm,160.31275891059204,"(39.46875688239368, 10.002087506007523)"
S,Day_2,poisson,165.15701895550654,"(39.285714285714285,)"
S,Day_2,weibull_min,inf,"(1.062968994017, 30.275240933852412, 9.728120187653438)"
,,,,
S,Day_2,Results for Stop 21,,
S,Day_2,weibull_min,-35.355950504594006,"(0.29437423420023723, 37.23425190598095, 2.4640775654908977)"
S,Day_2,lognorm,-21.904489044358836,"(6.982886365147195, 37.23425190598095, 0.9628614386864569)"
S,Day_2,beta,-6.329875563025595,"(0.28918517257931065, 160.5499718593412, 37.23425190598095, 196.37562180297198)"
S,Day_2,gamma,-4.4518909044378745,"(0.5323021235327743, 37.23425190598095, 5.128256676042386)"
S,Day_2,expon,69.67513968801,"(37.234251905980955, 1.7571510960051313)"
S,Day_2,norm,118.76004962038532,"(38.991403001986086, 3.7189582941446426)"
S,Day_2,poisson,124.8613492056564,"(38.904761904761905,)"
,,,,
S,Day_2,Results for Stop 11,,
S,Day_2,poisson,142.08676547021787,"(38.76190476190476,)"
S,Day_2,lognorm,144.8990148177964,"(0.20765688049225137, 6.390937742931588, 31.818553209180205)"
S,Day_2,gamma,145.24887297784855,"(14.003404969093207, 13.370888150661521, 1.8241118309975213)"
S,Day_2,norm,145.74056934057813,"(38.91466361449219, 7.069833484914926)"
S,Day_2,beta,147.25307742241108,"(13.098997792236709, 50683.06369038068, 14.048882796347229, 96236.19761865726)"
S,Day_2,expon,158.05897154272284,"(24.50252586204465, 14.412137752447542)"
S,Day_2,weibull_min,inf,"(0.8807010433241165, 33.86866670273886, 6.130555928615663)"
,,,,
S,Day_2,Results for Stop 3,,
S,Day_2,poisson,134.2437220690095,"(38.333333333333336,)"
S,Day_2,gamma,136.09897550550278,"(18.541737403368707, 15.004271138206084, 1.2672710706610875)"
S,Day_2,norm,136.37882125374617,"(38.50168046002695, 5.657251441995758)"
S,Day_2,expon,150.83060776176004,"(26.368221358024968, 12.133459102001979)"
S,Day_2,lognorm,186.9249676604586,"(6.072749150496639, 26.36822135802496, 0.9996448923421319)"
S,Day_2,beta,inf,"(0.47566620970313767, 7.90471870511333, 36.23693585961123, 49.11753277887374)"
S,Day_2,weibull_min,inf,"(1.2033505342506048, 33.54468775827681, 5.73040374645654)"
,,,,
S,Day_2,Results for Stop 5,,
S,Day_2,lognorm,115.10547287919272,"(0.31857738056553164, 27.386200588386224, 10.203221383455464)"
S,Day_2,gamma,116.06342588877993,"(5.927661480681456, 29.56081263497716, 1.4483937893442245)"
S,Day_2,weibull_min,118.10107969042022,"(1.8380253992362006, 31.311911820530376, 7.679487263631161)"
S,Day_2,beta,118.1393140568294,"(4.947067227502025, 3930810.118414088, 30.015791309233474, 6496714.899794627)"
S,Day_2,norm,120.49866919605748,"(38.146412485153675, 3.876138029795108)"
S,Day_2,expon,123.61787906042628,"(31.79901591722169, 6.347396567931984)"
S,Day_2,poisson,124.77138902970242,"(38.0,)"
,,,,
S,Day_2,Results for Stop 12,,
S,Day_2,lognorm,114.91756588996459,"(0.3200953535916179, 27.264257297111556, 10.109538449165504)"
S,Day_2,beta,118.6636463413749,"(4.13878850424673, 53038484727.31675, 30.067342353896144, 102606657602.0719)"
S,Day_2,norm,121.68589997988009,"(37.9413103387323, 3.987269673900781)"
S,Day_2,expon,124.73732341501368,"(31.42245905755437, 6.5188512811779304)"
S,Day_2,poisson,125.41702976014206,"(37.857142857142854,)"
S,Day_2,gamma,164.6299621231644,"(0.46463372811365816, 31.422459057554367, 2.4853064007163717)"
S,Day_2,weibull_min,inf,"(0.8203224954575046, 35.52073993782542, 4.0977654161131305)"
,,,,
S,Day_2,Results for Stop 19,,
S,Day_2,norm,48.08979059844277,"(37.2008841634277, 0.6912998491837874)"
S,Day_2,gamma,50.08985528672242,"(1097316.21099051, -686.9591939968388, 0.0006599374713930476)"
S,Day_2,lognorm,50.09332935978348,"(0.00621440035586384, -74.01576763559808, 111.2144358106413)"
S,Day_2,weibull_min,51.47213713819436,"(4.13812210111507, 34.46410738931102, 2.991384013655214)"
S,Day_2,beta,52.08979661112344,"(2172540.6516996357, 2170390.5411393256, -1404.2103946243953, 2881.395954357952)"
S,Day_2,expon,73.02196013930839,"(35.29798232714536, 1.9029018362823393)"
S,Day_2,poisson,116.89133272259318,"(37.0,)"
,,,,
S,Day_3,Results for Stop 15,,
S,Day_3,lognorm,-26.869076032294934,"(6.417013717387506, 37.23936052662324, 0.006214603357334845)"
S,Day_3,beta,-21.592768385169574,"(0.19732444455410922, 56.140326459741324, 37.23936052662324, 596.8971645563029)"
S,Day_3,gamma,46.078731335571796,"(0.6160272967748458, 37.23936052662324, 19.884023090003296)"
S,Day_3,weibull_min,104.89036343879326,"(0.8777772210262555, 37.23936052662324, 11.590975115123403)"
S,Day_3,expon,132.572388546064,"(37.239360526623244, 7.85576255820915)"
S,Day_3,norm,180.61227925431416,"(45.095123084832395, 16.217902663632017)"
S,Day_3,poisson,219.03645388250513,"(44.95238095238095,)"
,,,,
S,Day_3,Results for Stop 10,,
S,Day_3,gamma,50.34003476906509,"(0.3835317641439427, 37.10668808356534, 22.555077846505647)"
S,Day_3,lognorm,70.94325616868613,"(2.6291271695328473, 37.10633551585965, 0.4319769054395421)"
S,Day_3,weibull_min,85.9267145467313,"(0.7531388615085506, 37.10668808356534, 7.475240539220172)"
S,Day_3,beta,88.18113357061632,"(0.4923331143802846, 290.3450313549931, 37.10668808356534, 1010.1410219977975)"
S,Day_3,expon,120.64102001812209,"(37.106688083565345, 5.913081756363624)"
S,Day_3,norm,175.67837931641807,"(43.01976983992897, 14.420371966581117)"
S,Day_3,poisson,198.73672000992752,"(42.904761904761905,)"
,,,,
S,Day_3,Results for Stop 4,,
S,Day_3,beta,97.90870665427892,"(0.4800795115183798, 49.435446927729885, 35.74001679779163, 702.290937213387)"
S,Day_3,weibull_min,107.27679975287111,"(0.6545765636033785, 35.74001679779163, 10.412696614207018)"
S,Day_3,gamma,113.62684973790405,"(0.7472525640642491, 35.74001679779163, 13.727911839856702)"
S,Day_3,lognorm,120.1922607289329,"(1.3257098051718361, 35.62227722091323, 2.7675405477244057)"
S,Day_3,expon,128.68074816456064,"(35.74001679779164, 7.160567531543364)"
S,Day_3,norm,168.8368232501567,"(42.900584329335004, 12.252717322738723)"
S,Day_3,poisson,180.9329762556637,"(42.76190476190476,)"
,,,,
S,Day_3,Results for Stop 6,,
S,Day_3,gamma,101.55009359387347,"(0.32601500268418415, 34.48639168873227, 30.280022412614684)"
S,Day_3,beta,108.39589176361906,"(0.43235922431252627, 159.71002578455818, 34.48639168873227, 1932.9754939949717)"
S,Day_3,weibull_min,117.81640523365628,"(0.7443486791812677, 34.48639168873227, 8.316220217598143)"
S,Day_3,lognorm,127.28973171068537,"(1.0753040214699126, 34.18855153904492, 4.040247087846794)"
S,Day_3,expon,135.39630920929332,"(34.486391688732276, 8.402115779139685)"
S,Day_3,norm,182.50302677490973,"(42.88850746787196, 16.964679951989964)"
S,Day_3,poisson,223.34312223542565,"(42.76190476190476,)"
,,,,
S,Day_3,Results for Stop 20,,
S,Day_3,beta,106.3522337276689,"(0.18903751290810283, 1.062254873675951, 34.993412054412126, 46.03915466738471)"
S,Day_3,gamma,111.1033676252326,"(0.5900365462258575, 34.993412054412126, 15.050259077079412)"
S,Day_3,expon,131.81884708630673,"(34.99341205441213, 7.716075524298454)"
S,Day_3,lognorm,131.9018689081404,"(1.022711166665454, 34.581400271045275, 4.741104785190425)"
S,Day_3,weibull_min,132.54878767235195,"(0.9694691409230182, 34.993412054412126, 9.397080823813603)"
S,Day_3,norm,159.17256623242673,"(42.709487578710586, 9.734208949171142)"
S,Day_3,poisson,161.5532224707169,"(42.714285714285715,)"
,,,,
S,Day_3,Results for Stop 3,,
S,Day_3,gamma,93.49054108928257,"(0.4139640692308111, 35.12156292792256, 24.558275543347825)"
S,Day_3,weibull_min,113.27254082936274,"(0.8088311074957857, 35.12156292792256, 8.133918479211255)"
S,Day_3,lognorm,114.03511312680469,"(1.1161899667510715, 34.93679703887756, 2.838896490809635)"
S,Day_3,expon,128.29086031762563,"(35.12156292792257, 7.094403246390037)"
S,Day_3,beta,137.40016864945522,"(0.9317066788584691, 1001.1063356496078, 35.12156292792256, 4011.4671970365853)"
S,Day_3,norm,180.1124354386954,"(42.215966174312605, 16.02603667025902)"
S,Day_3,poisson,215.8660392245767,"(42.04761904761905,)"
,,,,
S,Day_3,Results for Stop 11,,
S,Day_3,weibull_min,122.1683777450695,"(0.49425787487697015, 33.368014292378774, 11.020733057135082)"
S,Day_3,gamma,125.72431925220947,"(0.745860137579477, 33.368014292378774, 13.525916643902965)"
S,Day_3,lognorm,136.40567195380785,"(0.825407077088441, 32.51060553854647, 6.539387913896723)"
S,Day_3,expon,137.49375163817777,"(33.36801429237878, 8.83236360782768)"
S,Day_3,beta,142.1983015001316,"(0.06370119359922362, 0.36721804629348287, 33.367008891189585, 44.1355169708549)"
S,Day_3,norm,164.87781035551023,"(42.20037790020646, 11.150513190256158)"
S,Day_3,poisson,172.25059736737978,"(42.04761904761905,)"
,,,,
S,Day_3,Results for Stop 13,,
S,Day_3,beta,136.83787481724187,"(0.3474235483142073, 0.769702904806863, 26.18648270674591, 57.06668724586681)"
S,Day_3,gamma,161.7453031779294,"(2.1264917277427635, 24.86556389098132, 8.068126493566046)"
S,Day_3,expon,162.01555799528157,"(26.186482706745913, 15.835831523591914)"
S,Day_3,norm,170.390345855903,"(42.02231423033783, 12.71441473251285)"
S,Day_3,lognorm,188.48267907440655,"(7.437404707617937, 26.18648270674591, 3.854772781183917)"
S,Day_3,poisson,190.65982689545697,"(41.80952380952381,)"
S,Day_3,weibull_min,inf,"(0.946740270856478, 30.005465544871974, 14.300411520707573)"
,,,,
S,Day_3,Results for Stop 18,,
S,Day_3,beta,135.97558883408567,"(0.3015938957321759, 1.1212044861253563, 26.804688655989544, 63.79917097422032)"
S,Day_3,gamma,156.71387985070132,"(2.7596716521971247, 24.9480336330982, 6.01363813378117)"
S,Day_3,expon,159.0008211498305,"(26.804688655989548, 14.738980836482721)"
S,Day_3,norm,165.46832829262559,"(41.54366949247227, 11.30839617063435)"
S,Day_3,poisson,174.40077597004057,"(41.42857142857143,)"
S,Day_3,lognorm,187.9856392180077,"(6.893399422620192, 26.804688655989544, 4.050037914764642)"
S,Day_3,weibull_min,inf,"(0.812486504390217, 33.54925034614822, 11.93397803947516)"
,,,,
S,Day_3,Results for Stop 8,,
S,Day_3,beta,118.63204695662762,"(0.2432822333786589, 1.0595671275100091, 31.04880817016237, 42.21092924429907)"
S,Day_3,expon,144.3598660765205,"(31.048808170162374, 10.400996025565362)"
S,Day_3,lognorm,145.44058682497007,"(0.6810928442712681, 28.989204314957526, 9.82693084249578)"
S,Day_3,gamma,146.12496630716691,"(1.3778003104658454, 30.804608026902432, 7.726246277015695)"
S,Day_3,weibull_min,146.19172939088762,"(1.1259718578409044, 30.97204217239824, 10.935585903588654)"
S,Day_3,norm,158.4267918410638,"(41.44980419572774, 9.562888673902577)"
S,Day_3,poisson,161.40052605508487,"(41.476190476190474,)"
,,,,
S,Day_3,Results for Stop 1,,
S,Day_3,beta,182.90045690580925,"(14.591797930254499, 12918002.690126821, -20.75750992450086, 54040123.06312512)"
S,Day_3,norm,183.27651194936627,"(40.2716330571929, 17.280001437112585)"
S,Day_3,expon,196.14060121381308,"(4.584999112351852, 35.68663394484105)"
S,Day_3,lognorm,238.4596210849512,"(4.855773654364114, 4.584999112216757, 2.268997949002353)"
S,Day_3,poisson,256.45032517234375,"(40.095238095238095,)"
S,Day_3,gamma,333.4559310269853,"(0.4659451826223383, 4.584999112351851, 6.692366285456966)"
S,Day_3,weibull_min,inf,"(0.6155545595718708, 35.038638836512874, 14.343960236725788)"
,,,,
S,Day_3,Results for Stop 9,,
S,Day_3,beta,124.7365059452695,"(0.09892833727394762, 0.4054505218314268, 31.44716085031031, 31.23183985038608)"
S,Day_3,lognorm,134.3502867905904,"(0.5631458548247532, 29.35209407271642, 9.127008444132212)"
S,Day_3,expon,137.29472319616335,"(31.447160850310315, 8.790608059838927)"
S,Day_3,poisson,147.33789168346803,"(40.04761904761905,)"
S,Day_3,norm,149.575760064902,"(40.23776891014924, 7.745801790587983)"
S,Day_3,gamma,248.62979480210427,"(0.3329147684380294, 31.44716085031031, 2.030433589927273)"
S,Day_3,weibull_min,inf,"(0.4404271192758925, 37.230828971794956, 5.524189979214031)"
,,,,
S,Day_3,Results for Stop 2,,
S,Day_3,gamma,59.378428685667494,"(0.4530172461293921, 36.681449841387824, 8.27983664350073)"
S,Day_3,weibull_min,78.10625786706274,"(0.8006375062765079, 36.681449841387824, 3.464037671561071)"
S,Day_3,lognorm,83.67851876382056,"(1.338832276047906, 36.63392751320001, 1.1488036429217543)"
S,Day_3,expon,92.48873889816517,"(36.68144984138783, 3.0248900256672044)"
S,Day_3,beta,105.29508290588677,"(0.9484131870005337, 134.05296087883352, 36.681449841387824, 221.12777307965013)"
S,Day_3,poisson,132.34002415111507,"(39.61904761904762,)"
S,Day_3,norm,135.44526274448722,"(39.706339867055036, 5.53289164192223)"
,,,,
S,Day_3,Results for Stop 12,,
S,Day_3,beta,73.89619896580567,"(0.1046668109074491, 0.7120140448391752, 36.422459057554285, 23.775286033659533)"
S,Day_3,weibull_min,78.04410250217661,"(0.6899290978679254, 36.422459057554285, 4.418298037690887)"
S,Day_3,lognorm,90.17735230433006,"(1.2622888456134906, 36.35215410353868, 1.4224422994821408)"
S,Day_3,gamma,90.84129126017329,"(0.8666482731296856, 36.422459057554285, 5.596915373825244)"
S,Day_3,expon,95.89910366453579,"(36.42245905755429, 3.280756043082775)"
S,Day_3,poisson,131.74629061003077,"(39.61904761904762,)"
S,Day_3,norm,132.8403601732922,"(39.70321510063707, 5.200158417197192)"
,,,,
S,Day_3,Results for Stop 17,,
S,Day_3,lognorm,126.40566671829107,"(0.2869522126769707, 23.587257895056197, 14.824782838966893)"
S,Day_3,beta,129.31244581631577,"(7.207483532801536, 4235945284768.164, 26.76763536924823, 7231579598666.01)"
S,Day_3,poisson,130.03599169125192,"(38.904761904761905,)"
S,Day_3,norm,130.91013870648854,"(39.06353509077808, 4.966579808939688)"
S,Day_3,expon,137.04289838894408,"(30.32547631573081, 8.738058775047271)"
S,Day_3,gamma,273.5515992169986,"(0.48434818819738534, 30.325476315730803, 1.656696893731238)"
S,Day_3,weibull_min,inf,"(0.4145778574551494, 36.98411040204481, 8.573032429655298)"
,,,,
S,Day_3,Results for Stop 16,,
S,Day_3,beta,102.49843342886466,"(0.102791188599793, 0.6038049767545175, 34.30143637881741, 18.73647497286308)"
S,Day_3,lognorm,108.08633088175091,"(0.622867809036554, 33.391239707990195, 4.415435827836255)"
S,Day_3,expon,109.70717056912125,"(34.301436378817414, 4.557787892386067)"
S,Day_3,gamma,110.45097044425624,"(1.7577602748719223, 34.079464981774976, 2.714431513188881)"
S,Day_3,weibull_min,111.1409082533046,"(1.1860339467527186, 34.250179418192374, 4.898513498487988)"
S,Day_3,norm,124.76403372736472,"(38.85922427120348, 4.290467078674085)"
S,Day_3,poisson,126.84361531203582,"(38.714285714285715,)"
,,,,
S,Day_3,Results for Stop 14,,
S,Day_3,lognorm,115.89759421107817,"(0.4803836333904925, 30.91958791450292, 6.895280654195341)"
S,Day_3,beta,120.8556206822746,"(2.576642514977399, 5380661951219.965, 32.196876870099885, 13806779061375.46)"
S,Day_3,expon,121.02523837369685,"(32.827936638897924, 5.967423139947648)"
S,Day_3,poisson,131.05733418935014,"(38.76190476190476,)"
S,Day_3,norm,133.33570439198553,"(38.79535977884557, 5.261851704826153)"
S,Day_3,gamma,269.4292046289064,"(0.3845297572224956, 32.82793663889792, 1.1109272960054144)"
S,Day_3,weibull_min,inf,"(0.8541675021938491, 35.730044325825965, 3.189766366135263)"
,,,,
S,Day_3,Results for Stop 21,,
S,Day_3,beta,90.45084741910856,"(0.2992715218842509, 1.156545363884722, 33.81120198676643, 16.63773700956274)"
S,Day_3,lognorm,106.73056437707501,"(0.42171396703663866, 31.72519415657979, 6.314431742727619)"
S,Day_3,gamma,107.9001027747641,"(3.6537333978154525, 32.88746729531171, 1.5793718514676045)"
S,Day_3,expon,112.28997161581312,"(33.811201986766434, 4.846867681886323)"
S,Day_3,norm,113.94369630859127,"(38.65806966865276, 3.316030787507576)"
S,Day_3,poisson,123.50329215828893,"(38.57142857142857,)"
S,Day_3,weibull_min,inf,"(0.24999646184944943, 37.23425190598095, 6.1532286747884966)"
,,,,
S,Day_3,Results for Stop 7,,
S,Day_3,poisson,138.94066429669266,"(38.285714285714285,)"
S,Day_3,norm,140.89270066231632,"(38.46875688239366, 6.299129709870881)"
S,Day_3,gamma,141.88431059661656,"(19.903259034992026, 10.5638242540812, 1.402028366575728)"
S,Day_3,weibull_min,142.34735098197004,"(2.465074336021824, 23.663570377941866, 16.650069928500024)"
S,Day_3,beta,143.89110553057657,"(17.173763868238687, 6146320.847903261, 12.3720598686401, 9342019.094832573)"
S,Day_3,expon,150.92434141197617,"(26.30818865044764, 12.160568231946023)"
S,Day_3,lognorm,182.0532150781804,"(6.869337619315073, 26.308188650447637, 1.3854080521552747)"
,,,,
S,Day_3,Results for Stop 5,,
S,Day_3,lognorm,108.27769371856685,"(0.4609810662823164, 31.558927953119444, 5.993349279300006)"
S,Day_3,beta,113.23160567472435,"(2.4959693569870707, 4428315062188.4375, 32.84426361953565, 9824593731547.68)"
S,Day_3,expon,113.38309724393861,"(33.36221657912045, 4.974672096509394)"
S,Day_3,norm,126.22161872823257,"(38.336888675629844, 4.4419790447877725)"
S,Day_3,poisson,127.0092935320414,"(38.19047619047619,)"
S,Day_3,gamma,160.0015846480093,"(0.13413220143302215, 33.36221657912044, 2.9312998069923872)"
S,Day_3,weibull_min,inf,"(0.7264794252470804, 37.16520360512629, 2.468041625719251)"
,,,,
S,Day_3,Results for Stop 19,,
S,Day_3,beta,26.312835864310934,"(1.9748327754692654, 0.36217040090372465, 34.74772487204647, 3.252518743961908)"
S,Day_3,norm,42.87817900023599,"(37.01040797295152, 0.6106278403638828)"
S,Day_3,lognorm,44.9405246641226,"(0.0017262003284272925, -315.1300139801938, 352.1402493710516)"
S,Day_3,gamma,46.16048471247775,"(344.71778660776886, 25.11011096062728, 0.034502667448765456)"
S,Day_3,expon,68.59225661157969,"(35.29798232714536, 1.7124256458061566)"
S,Day_3,weibull_min,71.41790417743707,"(0.9345133714558553, 35.297982327145355, 1.185461131425479)"
S,Day_3,poisson,116.66159179509145,"(36.80952380952381,)"
,,,,
S,Day_4,Results for Stop 15,,
S,Day_4,lognorm,170.42650507231505,"(0.44852562831054676, 13.172016700708703, 27.052220479385298)"
S,Day_4,gamma,172.44244423207587,"(3.14692444660162, 18.055897015180946, 8.047525617802123)"
S,Day_4,beta,174.47419966763013,"(2.8992308565057883, 10829442643743.045, 18.46161225447379, 93746642347078.38)"
S,Day_4,expon,175.92743420170106,"(21.326476855289343, 22.054360515257336)"
S,Day_4,norm,182.3480647167009,"(43.38083737054668, 16.902202857801363)"
S,Day_4,poisson,232.96673272264923,"(43.23809523809524,)"
S,Day_4,weibull_min,inf,"(0.8833564430740168, 35.75509288499699, 12.611560740783524)"
,,,,
S,Day_4,Results for Stop 4,,
S,Day_4,gamma,83.80434984564532,"(0.5037484057365009, 36.590530909235035, 10.08762068708279)"
S,Day_4,beta,85.44761010952834,"(0.1016147083441497, 0.6751255208679199, 36.590530909235035, 42.30073874984329)"
S,Day_4,weibull_min,91.89615248937508,"(0.6190236692929716, 36.590530909235035, 7.957164937221668)"
S,Day_4,lognorm,107.84554431724627,"(1.6354304027070774, 36.556189639622346, 1.67209273978008)"
S,Day_4,expon,119.73030105692919,"(36.59053090923504, 5.7862438962904434)"
S,Day_4,norm,159.4992736725581,"(42.376774805525486, 9.810224181549543)"
S,Day_4,poisson,160.94001868098684,"(42.23809523809524,)"
,,,,
S,Day_4,Results for Stop 10,,
S,Day_4,beta,30.91629482685022,"(0.125775856066643, 0.9711505052519853, 37.10668808356534, 38.42557263360881)"
S,Day_4,gamma,31.22900727300711,"(0.2870661786450739, 37.10668808356534, 9.814398708236148)"
S,Day_4,weibull_min,39.35935840683672,"(0.356568442523702, 37.10668808356534, 8.515177971348546)"
S,Day_4,lognorm,57.866700426899236,"(2.706634238583929, 37.10649219714949, 0.3391658226730243)"
S,Day_4,expon,105.78246010049423,"(37.106688083565345, 4.151176994458858)"
S,Day_4,poisson,153.58987102932286,"(41.142857142857146,)"
S,Day_4,norm,154.70249968485248,"(41.2578650780242, 8.751422172799948)"
,,,,
S,Day_4,Results for Stop 12,,
S,Day_4,weibull_min,66.92449448960356,"(0.6184111106028568, 36.73940319559147, 5.581079116768749)"
S,Day_4,gamma,68.48565171873366,"(0.6109566654655006, 36.73940319559147, 9.302167162056747)"
S,Day_4,lognorm,76.46684450022667,"(1.6307325078314006, 36.722186065582335, 0.7944611892381572)"
S,Day_4,beta,96.89030869652771,"(0.025924809734093748, 0.2059237832930048, 36.73940319559147, 31.760347971718176)"
S,Day_4,expon,98.46723852374409,"(36.73940319559148, 3.487621428855114)"
S,Day_4,poisson,144.6287252943132,"(40.142857142857146,)"
S,Day_4,norm,148.10221664277387,"(40.22702462444659, 7.4787571738784955)"
,,,,
S,Day_4,Results for Stop 20,,
S,Day_4,poisson,147.35385795572122,"(40.19047619047619,)"
S,Day_4,norm,148.25432426353387,"(40.185678054901096, 7.5058914209549785)"
S,Day_4,lognorm,148.72741323197104,"(0.15516561735411163, -7.030344158926113, 46.646403599192695)"
S,Day_4,gamma,148.8993131844528,"(24.226417240856822, 3.9135371808165353, 1.4972144614370315)"
S,Day_4,expon,163.57575876552718,"(23.75051993901309, 16.435158115888008)"
S,Day_4,beta,inf,"(3.2807055065905377, 19.577541419355118, 30.98532195296331, 71.21839735479261)"
S,Day_4,weibull_min,inf,"(0.772168546174762, 34.5042109348478, 5.6160626185934905)"
,,,,
S,Day_4,Results for Stop 6,,
S,Day_4,beta,95.5748277320704,"(0.3696981011860674, 35.62500223307504, 34.48639168873227, 393.9891649704364)"
S,Day_4,lognorm,113.62650241625082,"(0.7444075455083149, 33.854919338171996, 4.2154812238908494)"
S,Day_4,expon,116.09815353149817,"(34.486391688732276, 5.306877683901597)"
S,Day_4,poisson,140.8877985695815,"(39.666666666666664,)"
S,Day_4,norm,145.24979226365957,"(39.79326937263387, 6.987702083560352)"
S,Day_4,gamma,168.9303717715459,"(0.16737737337496883, 34.48639168873227, 2.376263843830077)"
S,Day_4,weibull_min,inf,"(0.7507223739318284, 37.226803907668675, 4.219443850553967)"
,,,,
S,Day_4,Results for Stop 17,,
S,Day_4,beta,90.77864303195042,"(0.16559153836729767, 0.5881695784644488, 34.35505188096412, 17.56463862950067)"
S,Day_4,expon,113.14523682712192,"(34.355051880964126, 4.946578447909189)"
S,Day_4,lognorm,114.94834120409026,"(0.6617175208688111, 33.18496009777039, 4.89387068514974)"
S,Day_4,weibull_min,115.12374609271771,"(1.0898653039394977, 34.328673533503476, 5.128158135611242)"
S,Day_4,gamma,115.24891658147313,"(1.2056675488853508, 34.291059816109495, 4.155830706281687)"
S,Day_4,norm,126.3995371693625,"(39.301630328873316, 4.46083586122883)"
S,Day_4,poisson,127.85995909915941,"(39.142857142857146,)"
,,,,
S,Day_4,Results for Stop 8,,
S,Day_4,norm,169.778625261282,"(39.21170895763252, 12.53057417729951)"
S,Day_4,gamma,171.80341043333465,"(3222.0976329917885, -673.1618225883246, 0.22108577741376834)"
S,Day_4,weibull_min,173.39181223948472,"(4.421476117554007, -14.125078688165738, 58.05060554029808)"
S,Day_4,beta,173.77808873749512,"(255842.47530668648, 123246.0450599574, -11076.474274337117, 16470.404087444043)"
S,Day_4,expon,197.165990881605,"(2.643097606636161, 36.568611350996356)"
S,Day_4,poisson,216.03343649814443,"(39.23809523809524,)"
S,Day_4,lognorm,241.69131230836274,"(4.73881357634516, 2.643097606314572, 1.863663069842321)"
,,,,
S,Day_4,Results for Stop 14,,
S,Day_4,poisson,140.53368088131043,"(38.904761904761905,)"
S,Day_4,beta,141.32252016074716,"(6.475394533934736, 6188320685462.054, 23.006884646870702, 15295968391912.625)"
S,Day_4,norm,144.43070642140572,"(38.938216921702725, 6.852747830141007)"
S,Day_4,expon,149.9502475580471,"(27.05643977477291, 11.881777146929814)"
S,Day_4,lognorm,183.8784049110152,"(6.458694260614703, 27.056439774772905, 1.6267269835934313)"
S,Day_4,gamma,267.8902240171872,"(0.23679645571420704, 27.056439774772905, 2.9424752436520203)"
S,Day_4,weibull_min,inf,"(0.9319656626806776, 36.18107647100157, 5.159628170893026)"
,,,,
S,Day_4,Results for Stop 1,,
S,Day_4,norm,160.89874215257183,"(38.700204485764324, 10.142614485766684)"
S,Day_4,lognorm,162.1752713490171,"(0.06941104271690907, -105.2766541649165, 143.62842491676213)"
S,Day_4,gamma,162.28637460800402,"(128.26521922551171, -74.80282850473088, 0.8849070839858924)"
S,Day_4,beta,164.30263095782442,"(105.96448387982275, 5231.697084667622, -65.19144186069386, 5232.08540212183)"
S,Day_4,poisson,173.30476063527482,"(38.523809523809526,)"
S,Day_4,expon,186.12504295218147,"(10.584999112351852, 28.115205373412472)"
S,Day_4,weibull_min,inf,"(0.5795030344801767, 36.23146774050413, 1.7881333917024218)"
,,,,
S,Day_4,Results for Stop 7,,
S,Day_4,poisson,139.5428838252019,"(38.476190476190474,)"
S,Day_4,norm,141.47446502582216,"(38.65923307286986, 6.386989400461261)"
S,Day_4,lognorm,141.86316824475682,"(0.17180796772931814, 2.3472444541269146, 35.77597747681933)"
S,Day_4,gamma,142.02788665446786,"(19.59330282510672, 10.870080247836128, 1.4182985417979177)"
S,Day_4,beta,144.02901984960067,"(18.65740057709757, 4838296.548234768, 11.464707060000789, 7052924.50684881)"
S,Day_4,expon,155.22970210239544,"(25.185970210183115, 13.473262862686745)"
S,Day_4,weibull_min,inf,"(1.2459449997445688, 32.0617947395081, 7.526344921088443)"
,,,,
S,Day_4,Results for Stop 9,,
S,Day_4,norm,165.51447624144262,"(38.61872129110162, 11.320828220442753)"
S,Day_4,gamma,168.0809779011094,"(321.1969656267913, -171.80442757745539, 0.6548019318626515)"
S,Day_4,weibull_min,168.95980777252288,"(5.320690393932336, -18.925275583358037, 61.92080017183187)"
S,Day_4,beta,169.33146276000596,"(7461.114818971688, 275.4623706038134, -5127.066483177077, 5356.400839957048)"
S,Day_4,expon,196.92033495527699,"(2.263373649952314, 36.35534764114931)"
S,Day_4,poisson,207.15964432814158,"(38.42857142857143,)"
S,Day_4,lognorm,241.95912190919398,"(4.734020931848188, 2.2633736496192043, 1.782356653441635)"
,,,,
S,Day_4,Results for Stop 18,,
S,Day_4,norm,156.39718627290344,"(38.448431397234216, 9.111760136313904)"
S,Day_4,lognorm,157.858739621547,"(0.08629581930962499, -66.18414227334092, 104.24249832016771)"
S,Day_4,gamma,157.92061643740863,"(76.39993866095358, -40.6416314534315, 1.0352110970189452)"
S,Day_4,beta,159.92910939041653,"(59.69350920027172, 4582171.6781619415, -31.793558513744777, 5392280.439703378)"
S,Day_4,poisson,161.72416198835316,"(38.333333333333336,)"
S,Day_4,expon,174.2763421433241,"(17.24424523940752, 21.204186157826697)"
S,Day_4,weibull_min,inf,"(2.2198920997533698, 21.98662083977944, 19.45479864007087)"
,,,,
S,Day_4,Results for Stop 11,,
S,Day_4,poisson,139.97194195506444,"(38.142857142857146,)"
S,Day_4,gamma,142.9566855373325,"(18.975498497398156, 10.320677641996667, 1.4742664588874517)"
S,Day_4,norm,143.087113455094,"(38.295615995444564, 6.636995699481181)"
S,Day_4,expon,156.92628587917457,"(24.26696069768991, 14.028655297754653)"
S,Day_4,lognorm,190.36689131339384,"(7.479409024247202, 24.266960697689903, 5.4176412390282325)"
S,Day_4,beta,inf,"(0.4396181095936681, 4.595493473544565, 34.5530926905955, 58.07933738273523)"
S,Day_4,weibull_min,inf,"(1.5898219512437604, 29.9736890602871, 9.85269991869503)"
,,,,
S,Day_4,Results for Stop 16,,
S,Day_4,lognorm,117.6403489455628,"(0.252530329603326, 24.06583210524378, 13.672556584220711)"
S,Day_4,gamma,118.16721734868881,"(9.649527320027191, 26.939786379972205, 1.1661471973415765)"
S,Day_4,norm,119.7566185200175,"(38.192557604536816, 3.8082563427331535)"
S,Day_4,beta,120.17914901152287,"(8.787023515663982, 8612738.062312018, 27.321345172363706, 10667374.147451557)"
S,Day_4,poisson,124.71106824008265,"(38.04761904761905,)"
S,Day_4,expon,129.08204155981704,"(30.963245791927648, 7.229311812609168)"
S,Day_4,weibull_min,inf,"(0.9660122247267902, 35.179950620493976, 3.274535646832799)"
,,,,
S,Day_4,Results for Stop 19,,
S,Day_4,norm,41.42092881279308,"(37.296122258665804, 0.5898045679827002)"
S,Day_4,gamma,43.42241210983839,"(24817.076211707215, -55.62169327793333, 0.0037441011013967223)"
S,Day_4,lognorm,43.42295831854767,"(0.005231139158238729, -75.43938794728373, 112.7344374857403)"
S,Day_4,beta,45.420945678837775,"(792030.868663061, 875287.4391085369, -687.1680703558518, 1525.0824663717428)"
S,Day_4,weibull_min,45.75002218164483,"(4.355441760848611, 34.738898817207115, 2.7773287417755874)"
S,Day_4,expon,70.85367157327904,"(35.48896671721526, 1.8071555414505411)"
S,Day_4,poisson,116.83423815595545,"(37.095238095238095,)"
,,,,
S,Day_4,Results for Stop 13,,
S,Day_4,lognorm,169.76673598380228,"(0.28838978996573406, -5.936977898075506, 41.42335428920206)"
S,Day_4,gamma,169.91946092315592,"(5.549905493194693, 7.18770629558837, 5.418596942919168)"
S,Day_4,expon,170.469371605842,"(17.893682927377228, 19.366726541055876)"
S,Day_4,norm,171.39828567602464,"(37.2604094684331, 13.023233247750351)"
S,Day_4,beta,171.91950632592443,"(5.507587197978426, 2862216.7438118523, 7.277065787089365, 15582790.568927724)"
S,Day_4,poisson,204.20252566356632,"(37.04761904761905,)"
S,Day_4,weibull_min,inf,"(1.7089852921944249, 19.07061119653412, 21.754765636724425)"
,,,,
S,Day_4,Results for Stop 3,,
S,Day_4,norm,127.12541545183672,"(37.16834712669361, 4.5386017387378095)"
S,Day_4,poisson,128.21810541095962,"(37.0,)"
S,Day_4,gamma,128.33237203385437,"(75.30980046673139, -1.6534947925096133, 0.5154952138602635)"
S,Day_4,beta,130.3523928211026,"(55.742396310105725, 4563969.061114405, 3.4926559121155463, 2757589.9116546717)"
S,Day_4,expon,145.94142673099753,"(26.368221358024968, 10.800125768668643)"
S,Day_4,lognorm,180.1815524015857,"(6.677348875981645, 26.36822135802496, 1.2139085808625771)"
S,Day_4,weibull_min,inf,"(0.719500178754684, 36.23693585961123, 1.1344762335947838)"
,,,,
S,Day_4,Results for Stop 2,,
S,Day_4,poisson,144.42609150027766,"(36.80952380952381,)"
S,Day_4,lognorm,146.6396002293711,"(0.18551462890062442, -0.8864153091385087, 37.123310570543254)"
S,Day_4,gamma,147.08957255482395,"(16.32899686249188, 8.178457636109151, 1.758733305678772)"
S,Day_4,norm,148.118409747184,"(36.896816057531225, 7.48164116541808)"
S,Day_4,beta,149.11897372765026,"(13.442449593990503, 20965.462447341386, 10.43008714755134, 41358.984842896534)"
S,Day_4,expon,157.48350210525913,"(22.68080174354854, 14.216014313982686)"
S,Day_4,weibull_min,inf,"(1.5160470604223883, 29.31201250442868, 9.489616704228965)"
,,,,
S,Day_4,Results for Stop 5,,
S,Day_4,norm,115.65284154145135,"(36.67022200896319, 3.4537564192217425)"
S,Day_4,lognorm,117.6989010234266,"(0.007793733587809826, -404.49164303744976, 441.1610899956496)"
S,Day_4,gamma,117.90192880218902,"(453.77705175526376, -38.08573693654445, 0.16470730337846584)"
S,Day_4,weibull_min,118.51638543390747,"(4.137148257779433, 23.290862472947982, 14.629796816402827)"
S,Day_4,beta,119.59316279191847,"(7798.17526754625, 539.2774902951296, -1162.0041395246824, 1281.5682304971435)"
S,Day_4,poisson,123.03205752107358,"(36.523809523809526,)"
S,Day_4,expon,134.92322150242782,"(28.362216579120567, 8.30800542984262)"
,,,,
S,Day_4,Results for Stop 21,,
S,Day_4,beta,108.62687388413734,"(0.7618462107159216, 0.10195625480948191, 16.08148654338026, 24.593648143793764)"
S,Day_4,norm,132.8240643919016,"(35.37235538293848, 5.198141174163274)"
S,Day_4,poisson,133.39154655101584,"(35.285714285714285,)"
S,Day_4,gamma,136.69034647068312,"(322.2660782102662, -64.47375468935289, 0.30942210676028603)"
S,Day_4,expon,165.88583098457843,"(18.007913466735836, 17.364441916202644)"
S,Day_4,weibull_min,181.94098198903737,"(0.33384409220120237, 18.007913466735832, 1.4445772239228778)"
S,Day_4,lognorm,200.16917830235994,"(6.882839536717164, 18.007913466735832, 2.0635946987443363)"
,,,,
S,Day_5,Results for Stop 15,,
S,Day_5,lognorm,174.2252977896234,"(0.555345280674814, 17.103251121020925, 23.91700350009026)"
S,Day_5,gamma,176.77078338232377,"(2.08974361750734, 21.116766586393815, 11.679361352874064)"
S,Day_5,expon,177.2660635424295,"(22.755092884996998, 22.768601628406813)"
S,Day_5,beta,178.78931157840617,"(1.980363069728119, 30366342829000.0, 21.297816427346838, 374513261300695.25)"
S,Day_5,norm,190.84987178287372,"(45.52369451340381, 20.694499448129942)"
S,Day_5,poisson,275.00611883179903,"(45.38095238095238,)"
S,Day_5,weibull_min,inf,"(0.43439986101257266, 36.741080769539316, 16.195159991355585)"
,,,,
S,Day_5,Results for Stop 13,,
S,Day_5,gamma,196.67449227541456,"(6.136738055104411, -16.017834235739, 9.682847362070572)"
S,Day_5,beta,198.72150466273388,"(7.2741485628527665, 5252082.565408109, -19.702154601319723, 45442143.65339005)"
S,Day_5,norm,199.93122979835388,"(43.403266611290256, 25.68971578248511)"
S,Day_5,expon,204.04752089139373,"(0.32424195679459444, 43.07902465449566)"
S,Day_5,lognorm,231.10762242046388,"(7.77181238631338, 0.3242419567945944, 15.154058720733792)"
S,Day_5,poisson,415.6494934623073,"(43.19047619047619,)"
S,Day_5,weibull_min,inf,"(1.22939739275954, 16.750232494080297, 29.772833563415638)"
,,,,
S,Day_5,Results for Stop 8,,
S,Day_5,beta,134.38483598555524,"(0.5706438535307762, 1.3908525689741231, 28.947533118350602, 43.546780503487156)"
S,Day_5,lognorm,150.0207815978944,"(0.43305316266620963, 23.120355090635307, 17.23643682059048)"
S,Day_5,gamma,150.89088830366762,"(3.3464163539448695, 26.597516825285794, 4.637494579835888)"
S,Day_5,expon,154.27015592067707,"(28.947533118350606, 13.168937744043816)"
S,Day_5,norm,156.77614517401042,"(42.11647086239442, 9.194346026922894)"
S,Day_5,poisson,157.98907329120505,"(42.142857142857146,)"
S,Day_5,weibull_min,inf,"(0.8116382028486214, 34.74947686910162, 6.890526132423215)"
,,,,
S,Day_5,Results for Stop 20,,
S,Day_5,weibull_min,133.22256256651224,"(0.8108789947664461, 31.75051993901308, 7.286671331592423)"
S,Day_5,lognorm,138.5609936469201,"(0.6837727070021495, 30.20630846678268, 8.309559856702597)"
S,Day_5,expon,139.8405029423892,"(31.75051993901309, 9.339920020649899)"
S,Day_5,gamma,141.702648866925,"(1.306364744557753, 31.588477394990832, 7.2736103920706086)"
S,Day_5,beta,143.73508996013726,"(1.213925026939058, 2860093104.3558617, 31.64103166874923, 22596351914.500904)"
S,Day_5,norm,163.03177042572162,"(41.09043995966299, 10.671025712689486)"
S,Day_5,poisson,167.2592827213627,"(41.095238095238095,)"
,,,,
S,Day_5,Results for Stop 11,,
S,Day_5,lognorm,160.7604711831957,"(0.2934651612266771, 6.241951613974388, 32.79011648093103)"
S,Day_5,gamma,161.4799885184525,"(6.807736039460945, 13.425414795057463, 3.954006137663221)"
S,Day_5,beta,163.54845983009307,"(5.600813729893618, 59415928971980.94, 15.105130245756591, 268911139656129.44)"
S,Day_5,norm,164.8579166387416,"(40.343235043063615, 11.145232889668451)"
S,Day_5,expon,169.31283625126392,"(21.50252586204465, 18.840709181018966)"
S,Day_5,poisson,174.25836898651835,"(40.19047619047619,)"
S,Day_5,weibull_min,inf,"(0.8886415986056277, 34.553092690604466, 12.157972098186349)"
,,,,
S,Day_5,Results for Stop 10,,
S,Day_5,gamma,153.8346143147524,"(11.634384342589716, 11.5018761357642, 2.4675451950023906)"
S,Day_5,norm,155.7702121409039,"(40.21024603040517, 8.97675040306691)"
S,Day_5,beta,155.98131474501747,"(8.478264080383909, 7734671.606323343, 14.569901618938296, 23487329.338938765)"
S,Day_5,poisson,156.49958353735758,"(40.095238095238095,)"
S,Day_5,expon,166.42544128726036,"(22.6212688090029, 17.588977221402274)"
S,Day_5,lognorm,199.5085987771292,"(7.293875062182682, 22.621268809002892, 1.999987553810552)"
S,Day_5,weibull_min,inf,"(0.3197494542717792, 37.10668808356534, 12.195079400263953)"
,,,,
S,Day_5,Results for Stop 3,,
S,Day_5,gamma,74.25936158056432,"(0.4173353988187232, 36.12156292792249, 10.925237804475707)"
S,Day_5,beta,88.11973602850875,"(0.6806161185921912, 63.55085903255504, 36.12156292792249, 398.15107813256054)"
S,Day_5,weibull_min,90.9361850119529,"(0.7885569924805402, 36.12156292792249, 4.141325789568722)"
S,Day_5,lognorm,98.83130264201309,"(1.100466975267807, 35.9811544341091, 2.0048421060099595)"
S,Day_5,expon,104.21559633922766,"(36.1215629279225, 3.999165151152013)"
S,Day_5,poisson,140.33129920985368,"(39.95238095238095,)"
S,Day_5,norm,145.17596027752728,"(40.12072807907451, 6.975429161572598)"
,,,,
S,Day_5,Results for Stop 5,,
S,Day_5,lognorm,130.02076241815388,"(0.5869381398904427, 29.567898883406034, 7.899300358522176)"
S,Day_5,expon,135.90756836865475,"(31.165203605126468, 8.50501840383674)"
S,Day_5,beta,139.649156143467,"(1.8506180710572693, 7498935675258.107, 30.744732938464352, 34589353324319.246)"
S,Day_5,norm,167.53950671927387,"(39.67022200896321, 11.880034830918028)"
S,Day_5,poisson,173.13678743052424,"(39.523809523809526,)"
S,Day_5,gamma,266.01872578459177,"(0.08671027192565725, 31.165203605126464, 2.4382460426919144)"
S,Day_5,weibull_min,inf,"(0.7169819167708887, 35.183305907942874, 4.672988288713018)"
,,,,
S,Day_5,Results for Stop 1,,
S,Day_5,lognorm,138.74937007873737,"(0.49899526351607315, 26.190994544274314, 11.437786619602587)"
S,Day_5,gamma,141.9348385782724,"(2.4121077116329284, 28.270669625368843, 4.619930944085494)"
S,Day_5,expon,143.4703184887322,"(29.23146774050425, 10.183022459545803)"
S,Day_5,beta,144.02050961946048,"(2.141383775823771, 96765393707.1073, 28.468073941035186, 502687911643.0931)"
S,Day_5,poisson,157.43685404451531,"(39.23809523809524,)"
S,Day_5,norm,157.56872864258466,"(39.414490200050054, 9.369500325830597)"
S,Day_5,weibull_min,inf,"(0.8422387104283178, 33.03863883651294, 5.778119330812013)"
,,,,
S,Day_5,Results for Stop 6,,
S,Day_5,gamma,52.978545683284544,"(0.2877933451843617, 36.55652232428528, 11.455579410989632)"
S,Day_5,beta,54.815591620072766,"(0.2918016162621765, 50.17242637579123, 36.55652232428528, 465.57699279906626)"
S,Day_5,weibull_min,66.68846260864692,"(0.7003747707267016, 36.55652232428528, 2.67574229416917)"
S,Day_5,lognorm,77.55175413098432,"(1.1390414051444069, 36.48216298688679, 1.1670626791790886)"
S,Day_5,expon,87.91734421959588,"(36.55652232428529, 2.712937524539065)"
S,Day_5,poisson,134.90767722816662,"(39.142857142857146,)"
S,Day_5,norm,139.27863537617625,"(39.269459848824354, 6.061645856597277)"
,,,,
S,Day_5,Results for Stop 9,,
S,Day_5,gamma,83.72474672901784,"(0.6209335129039044, 35.506176743511226, 6.960846341160673)"
S,Day_5,beta,90.11172945704153,"(0.7171602559890706, 53.275265262367526, 35.506176743511226, 257.84928233400876)"
S,Day_5,weibull_min,96.44341949485914,"(0.8864867611924461, 35.506176743511226, 3.864125838588997)"
S,Day_5,lognorm,98.59416836740675,"(0.8533147316867067, 35.20447885527646, 2.5710456054457964)"
S,Day_5,expon,101.30706987004689,"(35.50617674351123, 3.7315921666380163)"
S,Day_5,poisson,131.12062184678246,"(39.04761904761905,)"
S,Day_5,norm,133.36935838405154,"(39.23776891014925, 5.26606964009349)"
,,,,
S,Day_5,Results for Stop 2,,
S,Day_5,weibull_min,97.80058884801613,"(0.7441546983593713, 34.681449841387824, 4.569397084196166)"
S,Day_5,beta,99.55198761664712,"(0.752060543678899, 55.06819674532073, 34.681449841387824, 312.4999061779839)"
S,Day_5,lognorm,109.61902284036093,"(0.7773152099306483, 33.99099880451611, 3.669681462813512)"
S,Day_5,expon,109.62333790996252,"(34.68144984138783, 4.548699549476716)"
S,Day_5,poisson,135.12018132948123,"(39.142857142857146,)"
S,Day_5,norm,139.70610702233986,"(39.23014939086455, 6.123655689286461)"
S,Day_5,gamma,178.52541741509845,"(0.27952674596126836, 34.681449841387824, 1.4098199243715164)"
,,,,
S,Day_5,Results for Stop 18,,
S,Day_5,lognorm,117.81769367043236,"(0.4727112182527765, 30.351900719068745, 7.335006398734217)"
S,Day_5,beta,122.65590384713356,"(2.443153780810607, 16364900715759.46, 31.83494828186744, 46409503690104.69)"
S,Day_5,expon,122.93361939360574,"(32.44170337177816, 6.244823263551254)"
S,Day_5,poisson,131.38658476412874,"(38.57142857142857,)"
S,Day_5,norm,134.45939019369595,"(38.686526635329415, 5.404529637894301)"
S,Day_5,gamma,220.7850480305696,"(0.19557046297288483, 32.441703371778154, 1.8477705594430192)"
S,Day_5,weibull_min,inf,"(0.876782433970753, 34.80468865598938, 3.241815335575957)"
,,,,
S,Day_5,Results for Stop 4,,
S,Day_5,gamma,76.63114590987355,"(0.5201237492328199, 35.3651091369038, 5.530406499925273)"
S,Day_5,weibull_min,88.13181616254128,"(0.7962305860800507, 35.3651091369038, 2.734156345420837)"
S,Day_5,lognorm,93.89898993541853,"(0.743373265069706, 34.96384903857182, 2.6391186823548534)"
S,Day_5,beta,94.96877428344497,"(0.9012083518434519, 56.15296339636954, 35.3651091369038, 215.5859657967951)"
S,Day_5,expon,96.11138439551107,"(35.365109136903804, 3.2973799543359803)"
S,Day_5,norm,124.39307928027999,"(38.662489091239784, 4.252739461330636)"
S,Day_5,poisson,126.40968665112028,"(38.523809523809526,)"
,,,,
S,Day_5,Results for Stop 7,,
S,Day_5,norm,165.56722760895198,"(38.6116140252508, 11.3350559432363)"
S,Day_5,gamma,167.56827170505156,"(18322.3759441679, -1495.8775918371734, 0.0837493721340691)"
S,Day_5,lognorm,167.57242255527976,"(0.009262614626734882, -1184.3767384980351, 1222.9163119650173)"
S,Day_5,weibull_min,169.22220427907283,"(4.233055790367455, -7.793865312999541, 50.613637389576894)"
S,Day_5,beta,169.5672238986538,"(1130977.2162820897, 1285727.1042116696, -16488.533709941, 35315.674280677966)"
S,Day_5,expon,192.11588259184833,"(6.185970210183115, 32.42564381506769)"
S,Day_5,poisson,196.26583165684647,"(38.42857142857143,)"
,,,,
S,Day_5,Results for Stop 21,,
S,Day_5,lognorm,95.97638281961818,"(0.5133148174837123, 33.81742353071019, 4.015707361354611)"
S,Day_5,weibull_min,98.47661599875006,"(0.8758626712654363, 34.86603406528253, 2.616541734652684)"
S,Day_5,expon,99.81741072060882,"(34.866034065282534, 3.6015594128940336)"
S,Day_5,beta,100.40241948633908,"(2.1920796268440084, 620834779145.2692, 34.57943520275873, 1114673150905.338)"
S,Day_5,norm,111.11976853481511,"(38.46759347817657, 3.1004031337943423)"
S,Day_5,poisson,122.5381324841347,"(38.38095238095238,)"
S,Day_5,gamma,151.9848792964462,"(0.5543809865725708, 34.86603406528253, 1.1508526509593917)"
,,,,
S,Day_5,Results for Stop 17,,
S,Day_5,poisson,139.52779649417545,"(38.23809523809524,)"
S,Day_5,norm,140.00752957478556,"(38.39686842411141, 6.167761575755191)"
S,Day_5,gamma,142.5752944595971,"(320.2631311949906, -75.17061050326436, 0.35444995387669687)"
S,Day_5,weibull_min,142.79642033924867,"(5.678411858706662, 5.957945728651811, 34.85710843889049)"
S,Day_5,beta,143.71598614887495,"(2110.002549382657, 122.40242698741423, -1160.807917742785, 1268.783286293969)"
S,Day_5,expon,170.27490261434912,"(19.119606692584796, 19.277261731526615)"
S,Day_5,lognorm,205.43958573816502,"(6.677182923800691, 19.119606692584792, 2.5651953165930768)"
,,,,
S,Day_5,Results for Stop 16,,
S,Day_5,poisson,132.4311248860236,"(38.04761904761905,)"
S,Day_5,norm,133.5730506719164,"(38.192557604536816, 5.291671141991453)"
S,Day_5,gamma,135.7873089851289,"(490.3342432257093, -80.46901936600807, 0.24193815099026517)"
S,Day_5,weibull_min,136.67004837374935,"(4.809230826663153, 14.341017755250263, 25.881366844002592)"
S,Day_5,beta,137.52142792613807,"(14511.148435981428, 532.5855587229053, -3348.832855527715, 3511.336769759012)"
S,Day_5,expon,160.79289143537,"(22.81107924300173, 15.381478361535088)"
S,Day_5,lognorm,196.06458243002413,"(6.807975254049682, 22.81107924300172, 1.4930011110472106)"
,,,,
S,Day_5,Results for Stop 14,,
S,Day_5,gamma,96.44620785935041,"(0.7619271006845291, 34.056439774772905, 5.485949346585697)"
S,Day_5,lognorm,101.76102009895156,"(0.555360474416428, 33.07134952542625, 4.259826500212513)"
S,Day_5,weibull_min,103.8554723962284,"(0.8846672299647047, 34.056439774772905, 3.054107133951467)"
S,Day_5,expon,105.46453191167572,"(34.05643977477291, 4.119872385025047)"
S,Day_5,beta,107.24107518922865,"(1.8773055422374028, 9072623655656.268, 33.826880225340254, 21240574523417.94)"
S,Day_5,norm,121.90319992438714,"(38.17631215979796, 4.007952500798133)"
S,Day_5,poisson,125.59924497333058,"(38.142857142857146,)"
,,,,
